# Blender v3.3.0 OBJ File: ''
# www.blender.org
mtllib Alien_X_NPC.mtl
o Alien_X_mesh_185
v 0.006130 2.542048 -0.082311
v 0.014708 2.521418 0.031851
v 0.009089 2.508681 0.024250
v 0.011517 2.455642 0.097780
v 0.018635 2.464812 0.114185
v 0.000000 2.470479 0.124326
v 0.000000 2.529291 0.036551
v -0.018635 2.464812 0.114185
v -0.014708 2.521418 0.031851
v 0.000000 2.557900 -0.079032
v -0.009919 2.551844 -0.080285
v 0.000000 2.565535 -0.219429
v 0.009919 2.551844 -0.080285
v -0.005903 2.542061 -0.082311
v -0.008909 2.508699 0.024256
v -0.011377 2.455656 0.097796
v -0.011394 2.394187 0.120761
v -0.018635 2.392171 0.139433
v 0.000000 2.390922 0.150986
v 0.018635 2.392171 0.139433
v 0.011394 2.394187 0.120761
v 0.011517 2.349449 0.103661
v -0.011397 2.349437 0.103676
v -0.018635 2.338997 0.119290
v 0.000000 2.332535 0.128948
v 0.018635 2.338997 0.119290
v -0.047787 2.458027 0.040329
v -0.079580 2.407113 0.077638
v -0.035345 2.422405 0.092655
v 0.000000 2.195801 0.068156
v 0.000000 2.201846 0.116649
v -0.030685 2.211278 0.108051
v -0.035497 2.235245 0.127919
v -0.060360 2.279891 0.095105
v -0.045451 2.313998 0.129690
v -0.082036 2.317632 0.098131
v -0.096371 2.416585 0.001543
v -0.059090 2.463156 -0.041552
v 0.000000 2.478343 -0.052670
v 0.000000 2.468562 0.037786
v 0.000000 2.433822 0.096415
v 0.000000 2.386970 0.130390
v -0.044454 2.385416 0.118104
v -0.094664 2.320166 0.029721
v -0.092709 2.381253 -0.037803
v -0.057787 2.425238 -0.104154
v 0.000000 2.442481 -0.117565
v -0.033219 2.204558 0.051673
v -0.047880 2.227520 0.086375
v -0.070835 2.248611 0.026516
v 0.000000 2.351604 -0.130692
v -0.045620 2.345930 -0.116236
v 0.000195 2.233810 -0.074411
v -0.035637 2.232650 -0.067365
v -0.077796 2.229378 -0.033852
v -0.083469 2.322510 -0.052353
v -0.238644 1.108968 0.099813
v -0.239008 1.107304 0.115265
v -0.261079 1.165764 0.091364
v -0.286370 1.174956 0.120296
v -0.272073 1.191493 0.074711
v 0.272073 1.191493 0.074711
v 0.286347 1.174937 0.120362
v 0.261079 1.165764 0.091364
v 0.239008 1.107304 0.115265
v 0.238644 1.108968 0.099813
v -0.058524 2.387751 0.122513
v -0.068682 2.369763 0.130564
v -0.006674 2.379507 0.108284
v -0.011157 2.356587 0.114426
v -0.007822 2.373486 0.084929
v -0.058752 2.378808 0.102227
v -0.012305 2.350564 0.091069
v -0.068740 2.360830 0.110250
v -0.109293 2.409017 0.053186
v -0.122078 2.394601 0.054476
v -0.130418 2.436378 -0.005710
v -0.139562 2.426941 -0.005239
v -0.138933 2.472100 -0.078815
v -0.135793 2.442109 0.004827
v -0.144937 2.432674 0.005298
v -0.129326 2.402462 0.070557
v -0.116541 2.416878 0.069264
v 0.072895 0.730025 -0.182709
v 0.089467 0.540392 -0.166472
v 0.028622 0.720749 -0.080407
v 0.062833 0.513293 -0.089543
v 0.091698 0.322269 -0.099010
v 0.099173 0.318890 -0.152369
v 0.128169 0.319003 -0.157822
v 0.139781 0.540939 -0.178918
v 0.169567 0.514439 -0.119809
v 0.148016 0.322523 -0.120179
v 0.144681 0.319429 -0.076361
v 0.154600 0.520033 -0.046465
v 0.113907 0.318470 -0.067816
v 0.105401 0.518409 -0.036297
v 0.092796 0.732395 0.021564
v 0.171355 0.734512 0.008603
v 0.198409 0.722555 -0.121324
v 0.151188 0.730890 -0.201313
v 0.083687 0.164307 -0.105258
v 0.087250 0.149669 -0.165127
v 0.132219 0.150386 -0.179385
v 0.159796 0.165495 -0.129942
v 0.154961 0.154291 -0.080534
v 0.119057 0.153759 -0.069728
v 0.047633 0.872281 -0.051322
v 0.087786 0.868173 0.022251
v 0.163470 0.875163 -0.081242
v 0.149126 0.869777 0.016274
v 0.167898 1.057958 0.095491
v 0.065152 1.042032 0.106902
v 0.045602 1.178218 0.133683
v 0.173153 1.203080 0.131266
v 0.043927 1.323560 0.129583
v 0.147704 1.363401 0.124352
v 0.215357 1.209196 0.008956
v 0.207157 1.356190 0.038023
v 0.151351 1.324503 -0.088695
v 0.153781 1.196242 -0.106725
v 0.043248 1.177837 -0.097118
v 0.042960 1.283698 -0.084822
v 0.008752 1.161106 0.028633
v 0.014599 1.285100 0.030084
v 0.019108 1.037123 -0.001650
v 0.202266 1.069557 -0.023417
v 0.148074 1.066199 -0.113096
v 0.131211 0.884900 -0.127091
v 0.080372 0.883744 -0.115029
v 0.060802 1.058176 -0.104662
v 0.266198 1.027651 0.093590
v 0.293563 1.091586 0.095612
v 0.275712 1.013326 0.100034
v 0.320049 1.084681 0.106853
v 0.300217 1.156749 0.087943
v 0.348395 1.159584 0.106589
v -0.356862 1.155359 0.034868
v -0.335275 1.092044 0.027133
v -0.324622 1.153320 0.027316
v -0.310418 1.097809 0.025277
v -0.289925 1.045112 0.021575
v -0.283438 1.055231 0.020903
v -0.360782 1.157021 0.073270
v -0.336817 1.082897 0.062673
v -0.313845 1.152303 0.056167
v -0.309885 1.085021 0.055070
v -0.294058 1.015392 0.050354
v -0.285335 1.027404 0.047240
v -0.290470 1.008292 0.066650
v -0.336506 1.082223 0.071157
v -0.282273 1.022022 0.065006
v -0.306818 1.083899 0.061783
v -0.288865 1.026831 0.034459
v -0.295483 1.015506 0.034997
v -0.313628 1.083847 0.032878
v -0.336289 1.081560 0.034375
v -0.284352 1.009738 0.083699
v -0.276682 1.023655 0.077588
v -0.325980 1.083434 0.100459
v -0.302701 1.085573 0.085413
v -0.348395 1.159584 0.106589
v -0.300298 1.156832 0.087665
v 0.302701 1.085573 0.085413
v 0.325980 1.083434 0.100459
v 0.276651 1.023636 0.077652
v 0.284352 1.009738 0.083699
v 0.356807 1.155260 0.035198
v 0.336289 1.081560 0.034375
v 0.324597 1.153275 0.027466
v 0.313628 1.083847 0.032878
v 0.295483 1.015506 0.034997
v 0.288865 1.026831 0.034459
v 0.313779 1.152216 0.056457
v 0.360745 1.156971 0.073437
v 0.306818 1.083899 0.061783
v 0.336506 1.082223 0.071157
v 0.282273 1.022022 0.065006
v 0.290470 1.008292 0.066650
v 0.283396 1.055192 0.021033
v 0.289925 1.045112 0.021575
v 0.310418 1.097809 0.025277
v 0.335275 1.092044 0.027133
v 0.285335 1.027404 0.047240
v 0.294058 1.015392 0.050354
v 0.309885 1.085021 0.055070
v 0.336817 1.082897 0.062673
v -0.320049 1.084681 0.106853
v -0.293563 1.091586 0.095612
v -0.275712 1.013326 0.100034
v -0.266263 1.027688 0.093466
v 0.325959 1.211107 0.001242
v 0.325863 1.169324 -0.001586
v 0.310671 1.099844 0.007866
v 0.283706 1.056062 0.011953
v 0.215613 1.110116 0.107787
v 0.233690 1.186805 0.105591
v 0.237621 1.219526 0.109083
v 0.266297 1.253608 0.077971
v 0.283254 1.235467 0.048420
v 0.287558 1.266166 0.048499
v 0.328228 1.262720 0.020125
v 0.283963 1.093917 0.118301
v 0.261156 1.029903 0.106860
v -0.325959 1.211107 0.001242
v -0.325863 1.169324 -0.001586
v -0.310671 1.099844 0.007866
v -0.283706 1.056062 0.011953
v -0.261156 1.029903 0.106860
v -0.283963 1.093917 0.118301
v -0.283254 1.235467 0.048420
v -0.328234 1.262788 0.019897
v -0.287579 1.266246 0.048233
v -0.266297 1.253608 0.077971
v -0.237621 1.219526 0.109083
v -0.233690 1.186805 0.105591
v -0.215613 1.110116 0.107787
v 0.116541 2.416878 0.069264
v 0.058524 2.387751 0.122513
v 0.129326 2.402462 0.070557
v 0.068682 2.369763 0.130564
v 0.122078 2.394601 0.054476
v 0.068740 2.360830 0.110250
v 0.058752 2.378808 0.102227
v 0.109293 2.409017 0.053186
v 0.135793 2.442109 0.004827
v 0.130418 2.436378 -0.005710
v 0.138933 2.472100 -0.078815
v 0.139562 2.426941 -0.005239
v 0.012305 2.350564 0.091069
v 0.007822 2.373486 0.084929
v 0.006674 2.379507 0.108284
v 0.011157 2.356587 0.114426
v 0.144937 2.432674 0.005298
v -0.129128 0.004297 -0.183251
v -0.171417 0.102082 -0.143154
v -0.127867 0.062302 -0.191886
v -0.159796 0.165495 -0.129942
v -0.215872 0.073220 -0.027265
v -0.154961 0.154291 -0.080534
v -0.175227 0.004300 -0.145623
v -0.226415 0.004250 -0.032419
v -0.268986 0.004151 0.164131
v -0.168722 0.084683 0.040230
v -0.119057 0.153759 -0.069728
v -0.137028 0.052351 0.044855
v -0.227991 0.025155 0.187944
v -0.234668 0.004148 0.194078
v -0.204270 0.004139 0.192005
v -0.134738 0.004199 0.048701
v -0.070368 0.004262 -0.126533
v -0.072749 0.105301 -0.108437
v -0.083940 0.164325 -0.105317
v -0.132219 0.150386 -0.179385
v -0.087250 0.149669 -0.165127
v -0.083358 0.061682 -0.177989
v -0.089557 0.004292 -0.171134
v 0.129128 0.004297 -0.183251
v 0.127867 0.062302 -0.191886
v 0.171417 0.102082 -0.143154
v 0.215872 0.073220 -0.027265
v 0.175227 0.004300 -0.145623
v 0.226415 0.004250 -0.032419
v 0.268986 0.004151 0.164131
v 0.168722 0.084683 0.040230
v 0.137028 0.052351 0.044855
v 0.227991 0.025155 0.187944
v 0.234668 0.004148 0.194078
v 0.204270 0.004139 0.192005
v 0.134738 0.004199 0.048701
v 0.070368 0.004262 -0.126533
v 0.072749 0.105301 -0.108437
v 0.083358 0.061682 -0.177989
v 0.089557 0.004292 -0.171134
v 0.245585 1.188272 0.136262
v 0.296741 1.203708 0.118748
v 0.263900 1.212752 0.126487
v 0.323329 1.267319 0.088832
v 0.299602 1.270471 0.081205
v 0.217853 1.108545 0.123915
v 0.303124 1.091568 0.133691
v 0.323201 1.167252 0.131186
v 0.266935 1.016739 0.115070
v 0.358244 1.264028 0.061721
v 0.358536 1.261160 0.024600
v 0.349269 1.167749 0.001782
v 0.328700 1.094517 0.003725
v 0.287580 1.046078 0.010027
v -0.299602 1.270471 0.081205
v -0.323329 1.267319 0.088832
v -0.263900 1.212752 0.126487
v -0.296741 1.203708 0.118748
v -0.245585 1.188272 0.136262
v -0.217853 1.108545 0.123915
v -0.303124 1.091568 0.133691
v -0.323201 1.167252 0.131186
v -0.266935 1.016739 0.115070
v -0.358244 1.264028 0.061721
v -0.287580 1.046078 0.010027
v -0.328700 1.094517 0.003725
v -0.349269 1.167749 0.001782
v -0.358536 1.261160 0.024600
v 0.000000 1.483415 0.179057
v 0.000000 1.304172 0.130214
v -0.043927 1.323560 0.129583
v -0.014599 1.285100 0.030084
v 0.000000 1.282226 0.022134
v -0.147704 1.363401 0.124352
v -0.163548 1.492383 0.139227
v 0.000000 1.618434 0.209599
v -0.179832 1.637859 0.178193
v -0.252201 1.786749 0.174071
v 0.000000 1.784107 0.222510
v -0.225911 1.943057 0.151072
v -0.292646 1.964020 0.089976
v -0.211794 2.043098 0.017888
v -0.352060 2.022820 0.002277
v -0.245565 2.082869 -0.036345
v -0.393603 2.051087 -0.070711
v -0.243232 2.081247 -0.106974
v -0.349526 2.025605 -0.151745
v -0.207149 1.356219 0.037927
v -0.195638 1.403221 0.042351
v -0.209394 1.511581 0.048240
v -0.226651 1.672847 0.040638
v -0.256751 1.733672 0.021095
v -0.260921 1.846182 -0.024132
v -0.310517 1.893148 0.083464
v -0.432250 1.955727 0.006317
v -0.454270 2.001264 -0.081210
v -0.407495 1.974080 -0.163794
v -0.123399 2.147511 -0.051766
v -0.109523 2.144030 -0.004282
v -0.082076 2.124424 0.037529
v -0.096377 2.031122 0.124759
v 0.000000 1.962750 0.194025
v 0.225911 1.943057 0.151072
v 0.096377 2.031122 0.124759
v 0.211794 2.043098 0.017888
v 0.082076 2.124424 0.037529
v 0.245565 2.082869 -0.036345
v 0.109523 2.144030 -0.004282
v 0.243232 2.081247 -0.106974
v 0.123399 2.147511 -0.051766
v 0.077888 2.229373 -0.033834
v 0.070835 2.248611 0.026516
v -0.052623 2.126501 0.085863
v 0.000000 2.117845 0.091092
v 0.052623 2.126501 0.085863
v 0.033219 2.204558 0.051673
v 0.000000 2.027563 0.144874
v 0.349526 2.025605 -0.151745
v 0.393603 2.051087 -0.070711
v 0.352060 2.022820 0.002277
v 0.292646 1.964020 0.089976
v 0.252201 1.786749 0.174071
v 0.179832 1.637859 0.178193
v 0.163548 1.492383 0.139227
v 0.407495 1.974080 -0.163794
v 0.454270 2.001264 -0.081210
v 0.432250 1.955727 0.006317
v 0.310517 1.893148 0.083464
v 0.260977 1.846164 -0.024072
v 0.256751 1.733672 0.021095
v 0.226651 1.672847 0.040638
v 0.209394 1.511581 0.048240
v 0.195638 1.403221 0.042351
v 0.096371 2.416585 0.001543
v 0.092709 2.381253 -0.037803
v 0.059090 2.463156 -0.041552
v 0.057787 2.425238 -0.104154
v 0.045620 2.345930 -0.116236
v 0.083469 2.322510 -0.052353
v 0.035637 2.232650 -0.067365
v 0.047787 2.458027 0.040329
v 0.079580 2.407113 0.077638
v 0.035345 2.422405 0.092655
v 0.044454 2.385416 0.118104
v 0.045451 2.313998 0.129690
v 0.094664 2.320166 0.029721
v 0.082036 2.317632 0.098131
v 0.060360 2.279891 0.095105
v 0.047880 2.227520 0.086375
v 0.030685 2.211278 0.108051
v 0.035497 2.235245 0.127919
v 0.000000 2.310876 0.142649
v 0.000000 2.223749 0.139332
v 0.361259 1.308793 0.010161
v 0.432358 1.497540 -0.091775
v 0.372186 1.319667 0.056380
v 0.493073 1.547009 -0.017662
v 0.440217 1.610037 -0.109209
v 0.471407 1.633185 -0.053025
v 0.475452 1.817783 -0.092658
v 0.446460 1.809229 -0.164372
v 0.326067 1.311992 0.014310
v 0.331663 1.512530 -0.079443
v 0.339045 1.608128 -0.092522
v 0.280667 1.818216 -0.200517
v 0.276143 1.949788 -0.208236
v 0.454218 1.806730 -0.004203
v 0.335785 1.796642 0.052410
v 0.428061 1.643199 0.014892
v 0.445674 1.565486 0.060953
v 0.343679 1.331119 0.087815
v 0.314610 1.332440 0.084147
v 0.340935 1.567155 0.089710
v 0.292838 1.321825 0.050924
v 0.291775 1.531518 -0.003753
v 0.343044 1.633400 0.036380
v 0.312612 1.609565 -0.039731
v 0.281145 1.771698 -0.047755
v -0.361259 1.308793 0.010161
v -0.372186 1.319667 0.056380
v -0.432358 1.497540 -0.091775
v -0.493073 1.547009 -0.017662
v -0.440217 1.610037 -0.109209
v -0.471407 1.633185 -0.053025
v -0.475452 1.817783 -0.092658
v -0.446460 1.809229 -0.164372
v -0.326067 1.311992 0.014310
v -0.331663 1.512530 -0.079443
v -0.339045 1.608128 -0.092522
v -0.280667 1.818216 -0.200517
v -0.276143 1.949788 -0.208236
v -0.454218 1.806730 -0.004203
v -0.335785 1.796642 0.052410
v -0.281145 1.771698 -0.047755
v -0.428061 1.643199 0.014892
v -0.445674 1.565486 0.060953
v -0.343679 1.331119 0.087815
v -0.314610 1.332440 0.084147
v -0.340935 1.567155 0.089710
v -0.292838 1.321825 0.050924
v -0.291775 1.531518 -0.003753
v -0.343044 1.633400 0.036380
v -0.312612 1.609565 -0.039731
v -0.061735 2.145709 -0.088279
v -0.103566 2.102681 -0.152417
v -0.138761 1.976874 -0.208439
v 0.061735 2.145709 -0.088279
v 0.000000 2.148909 -0.092609
v 0.000000 2.103852 -0.131275
v 0.000000 1.991436 -0.196684
v 0.000000 1.830118 -0.201768
v -0.149942 1.811709 -0.214561
v -0.139755 1.689189 -0.149249
v 0.138761 1.976874 -0.208439
v 0.103566 2.102681 -0.152417
v 0.149942 1.811709 -0.214561
v 0.139755 1.689189 -0.149249
v 0.000000 1.510184 -0.125872
v -0.120444 1.511266 -0.101085
v 0.000000 1.601190 -0.135353
v -0.129236 1.604184 -0.113559
v 0.000000 1.688798 -0.161674
v 0.129236 1.604184 -0.113559
v 0.120444 1.511266 -0.101085
v 0.248851 1.705707 -0.099713
v 0.272808 1.732886 -0.022365
v 0.159986 1.430947 -0.099321
v 0.165287 1.370478 -0.114250
v 0.088832 1.367401 -0.154952
v -0.165287 1.370478 -0.114250
v -0.159986 1.430947 -0.099321
v -0.088832 1.367401 -0.154952
v -0.082912 1.438964 -0.156936
v 0.000000 1.363677 -0.151652
v 0.000000 1.425667 -0.149508
v 0.082912 1.438964 -0.156936
v 0.000000 1.309067 -0.060212
v -0.042960 1.283698 -0.084822
v -0.151351 1.324503 -0.088695
v -0.272808 1.732886 -0.022365
v -0.248851 1.705707 -0.099713
v -0.198409 0.722555 -0.121324
v -0.169567 0.514439 -0.119809
v -0.171355 0.734512 0.008603
v -0.154600 0.520033 -0.046465
v -0.092796 0.732395 0.021564
v -0.105401 0.518409 -0.036297
v -0.113907 0.318470 -0.067816
v -0.144681 0.319429 -0.076361
v -0.148016 0.322523 -0.120179
v -0.008752 1.161106 0.028633
v -0.045602 1.178218 0.133683
v -0.019108 1.037123 -0.001650
v -0.065152 1.042032 0.106902
v -0.047633 0.872281 -0.051322
v -0.087786 0.868173 0.022251
v -0.028622 0.720749 -0.080407
v -0.062833 0.513293 -0.089543
v -0.091698 0.322269 -0.099010
v -0.173153 1.203080 0.131266
v -0.167898 1.057958 0.095491
v -0.149126 0.869777 0.016274
v -0.163470 0.875163 -0.081242
v -0.202266 1.069557 -0.023417
v -0.215357 1.209196 0.008956
v -0.128169 0.319003 -0.157822
v -0.139781 0.540939 -0.178918
v -0.151188 0.730890 -0.201313
v -0.131211 0.884900 -0.127091
v -0.148074 1.066199 -0.113096
v -0.153781 1.196242 -0.106725
v -0.099173 0.318890 -0.152369
v -0.089467 0.540392 -0.166472
v -0.072895 0.730025 -0.182709
v -0.080372 0.883744 -0.115029
v -0.060802 1.058176 -0.104662
v -0.043248 1.177837 -0.097118
v 0.005903 2.542061 -0.082311
v 0.008909 2.508699 0.024256
v 0.011377 2.455656 0.097796
v 0.011517 2.394188 0.120741
v 0.011397 2.349437 0.103676
v -0.139562 2.426941 -0.005239
v -0.122078 2.394601 0.054476
v -0.069079 2.360811 0.110313
v -0.012305 2.350564 0.091069
v 0.083435 0.164290 -0.105200
v 0.091698 0.322269 -0.099010
v 0.062833 0.513293 -0.089543
v 0.028622 0.720749 -0.080407
v 0.008752 1.161106 0.028633
v 0.014601 1.285103 0.030077
v 0.019108 1.037123 -0.001650
v 0.047633 0.872281 -0.051322
v -0.360819 1.157071 0.073104
v -0.313779 1.152216 0.056457
v -0.324648 1.153365 0.027166
v -0.356807 1.155260 0.035198
v 0.300298 1.156832 0.087665
v 0.348350 1.159536 0.106750
v 0.324648 1.153365 0.027166
v 0.356862 1.155359 0.034868
v 0.313845 1.152303 0.056167
v 0.360819 1.157071 0.073104
v -0.348440 1.159633 0.106428
v -0.300217 1.156749 0.087943
v 0.324622 1.153320 0.027316
v 0.313812 1.152260 0.056312
v 0.313628 1.083847 0.032878
v 0.309885 1.085021 0.055070
v 0.288814 1.026791 0.034593
v 0.285228 1.027325 0.047503
v 0.276682 1.023655 0.077588
v 0.282155 1.021944 0.065267
v 0.302701 1.085573 0.085413
v 0.306818 1.083899 0.061783
v 0.300257 1.156790 0.087804
v 0.310418 1.097809 0.025277
v 0.283438 1.055231 0.020903
v 0.238696 1.109001 0.099703
v 0.260999 1.165692 0.091605
v 0.272011 1.191418 0.074962
v 0.286370 1.174956 0.120296
v 0.293563 1.091586 0.095612
v 0.266263 1.027688 0.093466
v -0.285228 1.027325 0.047503
v -0.309885 1.085021 0.055070
v -0.288915 1.026871 0.034326
v -0.313628 1.083847 0.032878
v -0.313812 1.152260 0.056312
v -0.324597 1.153275 0.027466
v -0.276527 1.023559 0.077908
v -0.302701 1.085573 0.085413
v -0.282155 1.021944 0.065267
v -0.306818 1.083899 0.061783
v -0.300257 1.156790 0.087804
v -0.310418 1.097809 0.025277
v -0.283396 1.055192 0.021033
v -0.266198 1.027651 0.093590
v -0.293563 1.091586 0.095612
v -0.286255 1.174857 0.120627
v -0.272011 1.191418 0.074962
v -0.260999 1.165692 0.091605
v -0.238591 1.108935 0.099924
v 0.122078 2.394601 0.054476
v 0.069079 2.360811 0.110313
v 0.012305 2.350564 0.091069
v 0.139562 2.426941 -0.005239
v -0.083519 0.164296 -0.105220
v -0.072749 0.105301 -0.108437
v -0.070177 0.004273 -0.126501
v 0.159796 0.165495 -0.129942
v 0.154961 0.154291 -0.080534
v 0.119057 0.153759 -0.069728
v 0.083856 0.164319 -0.105297
v 0.132219 0.150386 -0.179385
v 0.087250 0.149669 -0.165127
v 0.083940 0.164325 -0.105317
v 0.072749 0.105301 -0.108437
v 0.069985 0.004285 -0.126468
v 0.234119 0.004128 0.194295
v 0.268986 0.004151 0.164131
v 0.204270 0.004139 0.192005
v 0.134738 0.004199 0.048701
v 0.226415 0.004250 -0.032419
v 0.175227 0.004300 -0.145623
v 0.070177 0.004273 -0.126501
v 0.089557 0.004292 -0.171134
v 0.129128 0.004297 -0.183251
v -0.129128 0.004297 -0.183251
v -0.175227 0.004300 -0.145623
v -0.089557 0.004292 -0.171134
v -0.069985 0.004285 -0.126468
v -0.134738 0.004199 0.048701
v -0.226415 0.004250 -0.032419
v -0.268986 0.004151 0.164131
v -0.204270 0.004139 0.192005
v -0.234119 0.004128 0.194295
v 0.239008 1.107304 0.115265
v 0.286232 1.174838 0.120694
v 0.287579 1.266246 0.048233
v 0.266297 1.253608 0.077971
v 0.237621 1.219526 0.109083
v 0.233769 1.186870 0.105375
v 0.215667 1.110145 0.107687
v 0.215559 1.110086 0.107886
v 0.238591 1.108935 0.099924
v 0.348440 1.159633 0.106428
v 0.320049 1.084681 0.106853
v 0.284083 1.093996 0.118039
v 0.261224 1.029939 0.106740
v 0.275712 1.013326 0.100034
v 0.261087 1.029867 0.106981
v 0.266133 1.027614 0.093713
v 0.282214 1.021983 0.065136
v 0.276496 1.023540 0.077972
v 0.290470 1.008292 0.066650
v 0.284352 1.009738 0.083699
v 0.336506 1.082223 0.071157
v 0.325980 1.083434 0.100459
v 0.360782 1.157021 0.073270
v 0.288915 1.026871 0.034326
v 0.285281 1.027365 0.047371
v 0.295483 1.015506 0.034997
v 0.294058 1.015392 0.050354
v 0.336289 1.081560 0.034375
v 0.336722 1.082803 0.062984
v 0.356835 1.155309 0.035033
v 0.335275 1.092044 0.027133
v 0.289925 1.045112 0.021575
v 0.283479 1.055270 0.020772
v 0.283744 1.056101 0.011822
v 0.328232 1.262765 0.019973
v 0.325959 1.211107 0.001242
v 0.325863 1.169324 -0.001586
v 0.310731 1.099930 0.007578
v 0.283667 1.056023 0.012084
v -0.286232 1.174838 0.120694
v -0.239008 1.107304 0.115265
v -0.287558 1.266166 0.048499
v -0.266297 1.253608 0.077971
v -0.237621 1.219526 0.109083
v -0.233769 1.186870 0.105375
v -0.215667 1.110145 0.107687
v -0.215559 1.110086 0.107886
v -0.238696 1.109001 0.099703
v -0.320049 1.084681 0.106853
v -0.348350 1.159536 0.106750
v -0.284083 1.093996 0.118039
v -0.261224 1.029939 0.106740
v -0.275712 1.013326 0.100034
v -0.261087 1.029867 0.106981
v -0.266133 1.027614 0.093713
v -0.282214 1.021983 0.065136
v -0.290470 1.008292 0.066650
v -0.276496 1.023540 0.077972
v -0.284352 1.009738 0.083699
v -0.336506 1.082223 0.071157
v -0.325980 1.083434 0.100459
v -0.360745 1.156971 0.073437
v -0.283667 1.056023 0.012084
v -0.283479 1.055270 0.020772
v -0.289925 1.045112 0.021575
v -0.335275 1.092044 0.027133
v -0.356835 1.155309 0.035033
v -0.336289 1.081560 0.034375
v -0.336722 1.082803 0.062984
v -0.294058 1.015392 0.050354
v -0.295483 1.015506 0.034997
v -0.285281 1.027365 0.047371
v -0.288814 1.026791 0.034593
v -0.283744 1.056101 0.011822
v -0.310731 1.099930 0.007578
v -0.325863 1.169324 -0.001586
v -0.325959 1.211107 0.001242
v -0.328228 1.262720 0.020125
v 0.043927 1.323560 0.129583
v 0.014595 1.285097 0.030094
v -0.078254 2.229351 -0.033762
v -0.070835 2.248611 0.026516
v -0.033219 2.204558 0.051673
v 0.000151 2.195801 0.068156
v 0.147704 1.363401 0.124352
v 0.207149 1.356219 0.037927
v 0.077796 2.229378 -0.033852
v 0.000000 2.433822 0.096415
v 0.000000 2.468562 0.037786
v 0.000000 2.478343 -0.052670
v 0.000000 2.442481 -0.117565
v 0.000000 2.351604 -0.130692
v -0.000195 2.233810 -0.074411
v 0.070835 2.248611 0.026516
v 0.033219 2.204558 0.051673
v -0.000151 2.195801 0.068156
v 0.358536 1.261160 0.024600
v 0.328234 1.262788 0.019897
v 0.407667 1.974023 -0.163605
v 0.454579 2.001138 -0.080791
v 0.432250 1.955727 0.006317
v 0.310517 1.893148 0.083464
v 0.260921 1.846182 -0.024132
v 0.280820 1.818177 -0.200387
v 0.339045 1.608128 -0.092522
v 0.331663 1.512530 -0.079443
v 0.326067 1.311992 0.014310
v 0.328222 1.262651 0.020353
v 0.287568 1.266206 0.048366
v 0.299602 1.270471 0.081205
v 0.323329 1.267319 0.088832
v 0.358244 1.264028 0.061721
v -0.328224 1.262674 0.020277
v -0.407667 1.974023 -0.163605
v -0.454579 2.001138 -0.080791
v -0.432250 1.955727 0.006317
v -0.310517 1.893148 0.083464
v -0.261201 1.846092 -0.023830
v -0.280820 1.818177 -0.200387
v -0.339045 1.608128 -0.092522
v -0.331663 1.512530 -0.079443
v -0.326067 1.311992 0.014310
v -0.328222 1.262651 0.020353
v -0.287568 1.266206 0.048366
v -0.299602 1.270471 0.081205
v -0.323329 1.267319 0.088832
v -0.358244 1.264028 0.061721
v -0.358536 1.261160 0.024600
v -0.078346 2.229346 -0.033744
v -0.123746 2.147476 -0.051652
v -0.035637 2.232650 -0.067365
v -0.243232 2.081247 -0.106974
v -0.276143 1.949788 -0.208236
v -0.349526 2.025605 -0.151745
v -0.407324 1.974136 -0.163983
v 0.078346 2.229346 -0.033744
v 0.035637 2.232650 -0.067365
v 0.123746 2.147476 -0.051652
v 0.000000 2.233810 -0.074411
v -0.280514 1.818255 -0.200646
v 0.243232 2.081247 -0.106974
v 0.280514 1.818255 -0.200646
v 0.276143 1.949788 -0.208236
v 0.349526 2.025605 -0.151745
v 0.407324 1.974136 -0.163983
v 0.226651 1.672847 0.040638
v 0.256751 1.733672 0.021095
v 0.261257 1.846074 -0.023770
v 0.209394 1.511581 0.048240
v 0.195638 1.403221 0.042351
v 0.207165 1.356162 0.038118
v 0.151351 1.324503 -0.088695
v 0.042960 1.283698 -0.084822
v 0.014603 1.285104 0.030074
v 0.000000 1.282226 0.022134
v -0.014596 1.285098 0.030090
v -0.207165 1.356162 0.038118
v -0.195638 1.403221 0.042351
v -0.209394 1.511581 0.048240
v -0.226651 1.672847 0.040638
v -0.256751 1.733672 0.021095
v -0.261257 1.846074 -0.023770
v -0.014595 1.285097 0.030094
v -0.043927 1.323560 0.129583
v -0.083435 0.164290 -0.105200
v -0.119057 0.153759 -0.069728
v -0.154961 0.154291 -0.080534
v -0.159796 0.165495 -0.129942
v -0.132219 0.150386 -0.179385
v -0.151351 1.324503 -0.088695
v -0.207157 1.356190 0.038023
v -0.147704 1.363401 0.124352
v -0.087250 0.149669 -0.165127
v -0.042960 1.283698 -0.084822
v -0.083687 0.164307 -0.105258
v -0.091698 0.322269 -0.099010
v -0.062833 0.513293 -0.089543
v -0.028622 0.720749 -0.080407
v -0.047633 0.872281 -0.051322
v -0.019108 1.037123 -0.001650
v -0.008752 1.161106 0.028633
v -0.014603 1.285104 0.030074
vt 0.015667 0.445820
vt 0.016267 0.414314
vt 0.026870 0.414959
vt 0.025428 0.370117
vt 0.032862 0.369651
vt 0.027200 0.316129
vt 0.032726 0.315108
vt 0.019466 0.251268
vt 0.038268 0.314417
vt 0.043134 0.313366
vt 0.049201 0.367924
vt 0.056304 0.366438
vt 0.055103 0.415440
vt 0.063062 0.412767
vt 0.056319 0.452939
vt 0.064353 0.448974
vt 0.056409 0.478709
vt 0.067207 0.473663
vt 0.581812 0.579912
vt 0.608168 0.609451
vt 0.577547 0.605036
vt 0.561238 0.655089
vt 0.553444 0.646559
vt 0.553444 0.646559
vt 0.561238 0.655089
vt 0.577547 0.605036
vt 0.608168 0.609451
vt 0.581812 0.579912
vt 0.019646 0.687632
vt 0.030879 0.634831
vt 0.018700 0.636288
vt 0.024272 0.589042
vt 0.032426 0.591145
vt 0.015321 0.535880
vt 0.041106 0.590109
vt 0.046467 0.583471
vt 0.056514 0.633569
vt 0.067342 0.628178
vt 0.062311 0.688744
vt 0.076022 0.687272
vt 0.062837 0.726633
vt 0.079266 0.729126
vt 0.171894 0.015884
vt 0.114962 0.037239
vt 0.166608 0.076209
vt 0.117741 0.089725
vt 0.162433 0.134462
vt 0.121630 0.143247
vt 0.156846 0.203663
vt 0.127472 0.204219
vt 0.123733 0.262832
vt 0.099765 0.208093
vt 0.099765 0.266301
vt 0.061545 0.268043
vt 0.111959 0.341674
vt 0.079791 0.355535
vt 0.136888 0.422603
vt 0.113265 0.424751
vt 0.137368 0.492675
vt 0.113941 0.486788
vt 0.086459 0.148819
vt 0.077223 0.100462
vt 0.025533 0.110254
vt 0.070901 0.057678
vt 0.022680 0.059810
vt 0.307802 0.050725
vt 0.266594 0.027733
vt 0.300804 0.103391
vt 0.260302 0.085325
vt 0.290382 0.159842
vt 0.249564 0.138847
vt 0.269327 0.220483
vt 0.236109 0.210316
vt 0.228615 0.249842
vt 0.206179 0.205885
vt 0.201103 0.247814
vt 0.156846 0.256314
vt 0.164175 0.340097
vt 0.134680 0.340578
vt 0.151860 0.421507
vt 0.478597 0.934220
vt 0.459089 0.935196
vt 0.468580 0.962708
vt 0.457737 0.960065
vt 0.452000 0.989860
vt 0.447781 0.984363
vt 0.576736 0.983357
vt 0.573357 0.987712
vt 0.566043 0.962903
vt 0.554495 0.964510
vt 0.561839 0.937073
vt 0.546911 0.934746
vt 0.515960 0.913691
vt 0.512266 0.918542
vt 0.505388 0.890519
vt 0.494125 0.891480
vt 0.503541 0.863427
vt 0.483387 0.861625
vt 0.462648 0.869254
vt 0.482801 0.867527
vt 0.460470 0.896962
vt 0.473025 0.897697
vt 0.451220 0.922206
vt 0.454629 0.927657
vt 0.533786 0.921230
vt 0.536369 0.956055
vt 0.519865 0.927087
vt 0.526307 0.958623
vt 0.529221 0.990791
vt 0.524610 0.986962
vt 0.500747 0.935391
vt 0.500477 0.962288
vt 0.481240 0.934505
vt 0.490025 0.963249
vt 0.510629 0.985715
vt 0.507025 0.991001
vt 0.507025 0.991001
vt 0.510629 0.985715
vt 0.490025 0.963249
vt 0.500477 0.962288
vt 0.481240 0.934505
vt 0.500747 0.935391
vt 0.524610 0.986962
vt 0.529221 0.990791
vt 0.526307 0.958623
vt 0.536369 0.956055
vt 0.519865 0.927087
vt 0.533786 0.921230
vt 0.454629 0.927657
vt 0.473025 0.897697
vt 0.451220 0.922206
vt 0.460470 0.896962
vt 0.482801 0.867527
vt 0.462648 0.869254
vt 0.546911 0.934746
vt 0.554495 0.964510
vt 0.561839 0.937073
vt 0.566043 0.962903
vt 0.573357 0.987712
vt 0.576736 0.983357
vt 0.483387 0.861625
vt 0.494125 0.891480
vt 0.503541 0.863427
vt 0.505388 0.890519
vt 0.512266 0.918542
vt 0.515960 0.913691
vt 0.447781 0.984363
vt 0.457737 0.960065
vt 0.452000 0.989860
vt 0.468580 0.962708
vt 0.459089 0.935196
vt 0.478597 0.934220
vt 0.482231 0.412481
vt 0.468760 0.434482
vt 0.502534 0.414689
vt 0.518198 0.425712
vt 0.532930 0.383438
vt 0.543412 0.392523
vt 0.559271 0.355445
vt 0.565803 0.360536
vt 0.578733 0.366077
vt 0.571750 0.361212
vt 0.556823 0.401729
vt 0.545139 0.392703
vt 0.534101 0.439408
vt 0.511845 0.379608
vt 0.521532 0.384639
vt 0.531518 0.354484
vt 0.536429 0.357097
vt 0.495341 0.494447
vt 0.528680 0.496384
vt 0.518543 0.463346
vt 0.542766 0.482028
vt 0.538051 0.459621
vt 0.583314 0.455011
vt 0.572846 0.444198
vt 0.587744 0.374532
vt 0.580490 0.369411
vt 0.569903 0.413217
vt 0.556838 0.405393
vt 0.547932 0.454410
vt 0.487382 0.472116
vt 0.451475 0.463691
vt 0.473385 0.485061
vt 0.482231 0.412481
vt 0.502534 0.414689
vt 0.468760 0.434482
vt 0.518198 0.425712
vt 0.532930 0.383438
vt 0.543412 0.392523
vt 0.559271 0.355445
vt 0.565803 0.360536
vt 0.534101 0.439408
vt 0.545139 0.392703
vt 0.556823 0.401729
vt 0.571750 0.361212
vt 0.578733 0.366077
vt 0.511845 0.379608
vt 0.521532 0.384639
vt 0.531518 0.354484
vt 0.536429 0.357097
vt 0.473385 0.485061
vt 0.451475 0.463691
vt 0.487382 0.472116
vt 0.518543 0.463346
vt 0.547932 0.454410
vt 0.556838 0.405393
vt 0.569903 0.413217
vt 0.580490 0.369411
vt 0.587744 0.374532
vt 0.572846 0.444198
vt 0.583314 0.455011
vt 0.538051 0.459621
vt 0.542766 0.482028
vt 0.528680 0.496384
vt 0.495341 0.494447
vt 0.019646 0.687632
vt 0.018700 0.636288
vt 0.030879 0.634831
vt 0.024272 0.589042
vt 0.032426 0.591145
vt 0.015321 0.535880
vt 0.041106 0.590109
vt 0.046467 0.583471
vt 0.056514 0.633569
vt 0.067342 0.628178
vt 0.062311 0.688744
vt 0.076022 0.687272
vt 0.062837 0.726633
vt 0.079266 0.729126
vt 0.027245 0.986871
vt 0.011972 0.971298
vt 0.032967 0.979348
vt 0.067447 0.910928
vt 0.084687 0.923573
vt 0.099509 0.855723
vt 0.136062 0.859072
vt 0.117605 0.839760
vt 0.027245 0.986871
vt 0.032967 0.979348
vt 0.011972 0.971298
vt 0.067447 0.910928
vt 0.084687 0.923573
vt 0.099509 0.855723
vt 0.136062 0.859072
vt 0.117605 0.839760
vt 0.939754 0.713568
vt 0.986849 0.636047
vt 0.934964 0.657042
vt 0.946632 0.565915
vt 0.978710 0.563768
vt 0.966095 0.558241
vt 0.954066 0.736905
vt 0.972943 0.737611
vt 0.988021 0.721302
vt 0.986849 0.636047
vt 0.988021 0.721302
vt 0.939754 0.713568
vt 0.972943 0.737611
vt 0.954066 0.736905
vt 0.934964 0.657042
vt 0.946632 0.565915
vt 0.978710 0.563768
vt 0.966095 0.558241
vt 0.335900 0.332663
vt 0.325823 0.383858
vt 0.349986 0.383332
vt 0.330073 0.404177
vt 0.342688 0.449845
vt 0.308208 0.406444
vt 0.327731 0.452909
vt 0.305460 0.445520
vt 0.312277 0.468662
vt 0.298461 0.331162
vt 0.283249 0.332213
vt 0.296404 0.340623
vt 0.281852 0.342365
vt 0.299212 0.391292
vt 0.271565 0.345263
vt 0.280561 0.395226
vt 0.355813 0.270671
vt 0.347253 0.273374
vt 0.359192 0.281649
vt 0.348169 0.283691
vt 0.370545 0.333925
vt 0.350557 0.336147
vt 0.372227 0.385780
vt 0.432583 0.288212
vt 0.424849 0.284232
vt 0.430090 0.297958
vt 0.419653 0.293483
vt 0.411769 0.349363
vt 0.394153 0.341058
vt 0.466718 0.314297
vt 0.460440 0.308770
vt 0.462167 0.321145
vt 0.454133 0.315844
vt 0.438154 0.363269
vt 0.422281 0.355235
vt 0.392486 0.394731
vt 0.492187 0.355535
vt 0.489139 0.350865
vt 0.487006 0.359920
vt 0.482321 0.354093
vt 0.456926 0.385270
vt 0.446099 0.374637
vt 0.414652 0.404808
vt 0.488688 0.366678
vt 0.466988 0.391397
vt 0.441413 0.429677
vt 0.429069 0.422213
vt 0.426891 0.452173
vt 0.389573 0.466800
vt 0.404770 0.478498
vt 0.312277 0.468662
vt 0.305460 0.445520
vt 0.327731 0.452909
vt 0.308208 0.406444
vt 0.342688 0.449845
vt 0.330073 0.404177
vt 0.349986 0.383332
vt 0.325823 0.383858
vt 0.335900 0.332663
vt 0.280561 0.395226
vt 0.271565 0.345263
vt 0.299212 0.391292
vt 0.281852 0.342365
vt 0.296404 0.340623
vt 0.283249 0.332213
vt 0.298461 0.331162
vt 0.372227 0.385780
vt 0.350557 0.336147
vt 0.370545 0.333925
vt 0.348169 0.283691
vt 0.359192 0.281649
vt 0.347253 0.273374
vt 0.355813 0.270671
vt 0.394153 0.341058
vt 0.411769 0.349363
vt 0.419653 0.293483
vt 0.430090 0.297958
vt 0.424849 0.284232
vt 0.432583 0.288212
vt 0.414652 0.404808
vt 0.446099 0.374637
vt 0.456926 0.385270
vt 0.482321 0.354093
vt 0.487006 0.359920
vt 0.489139 0.350865
vt 0.492187 0.355535
vt 0.392486 0.394731
vt 0.422281 0.355235
vt 0.438154 0.363269
vt 0.454133 0.315844
vt 0.462167 0.321145
vt 0.460440 0.308770
vt 0.466718 0.314297
vt 0.404770 0.478498
vt 0.389573 0.466800
vt 0.426891 0.452173
vt 0.429069 0.422213
vt 0.441413 0.429677
vt 0.466988 0.391397
vt 0.488688 0.366678
vt 0.188098 0.941714
vt 0.186851 0.919953
vt 0.237220 0.922446
vt 0.228525 0.869615
vt 0.292064 0.936277
vt 0.312443 0.856534
vt 0.314395 0.942194
vt 0.336591 0.935812
vt 0.323991 0.988388
vt 0.552408 0.568093
vt 0.531128 0.612515
vt 0.518798 0.555719
vt 0.491482 0.584072
vt 0.448727 0.539830
vt 0.426636 0.567447
vt 0.360559 0.536496
vt 0.358276 0.596041
vt 0.310761 0.599765
vt 0.311151 0.636933
vt 0.263185 0.597062
vt 0.205338 0.643691
vt 0.194240 0.569910
vt 0.166908 0.628103
vt 0.129740 0.587901
vt 0.090724 0.617185
vt 0.101837 0.560134
vt 0.068498 0.573199
vt 0.096055 0.517574
vt 0.059112 0.526329
vt 0.309950 0.516448
vt 0.326154 0.509600
vt 0.336245 0.546663
vt 0.337627 0.480661
vt 0.379511 0.518265
vt 0.463564 0.510321
vt 0.523694 0.513039
vt 0.560802 0.520998
vt 0.396991 0.867752
vt 0.389558 0.921816
vt 0.437418 0.918091
vt 0.433679 0.939236
vt 0.776664 0.961327
vt 0.760370 0.946234
vt 0.798680 0.945378
vt 0.753297 0.912490
vt 0.691935 0.916559
vt 0.755790 0.863202
vt 0.697732 0.864779
vt 0.692716 0.804409
vt 0.629928 0.860514
vt 0.623696 0.804619
vt 0.574438 0.846443
vt 0.568446 0.804769
vt 0.542706 0.804844
vt 0.574198 0.763065
vt 0.541445 0.778488
vt 0.531608 0.749444
vt 0.505583 0.790172
vt 0.499966 0.767330
vt 0.629598 0.748694
vt 0.571044 0.703161
vt 0.639434 0.692783
vt 0.602086 0.660961
vt 0.623771 0.637249
vt 0.541610 0.831230
vt 0.531939 0.860334
vt 0.505658 0.819757
vt 0.500177 0.842613
vt 0.571630 0.906378
vt 0.640080 0.916364
vt 0.602926 0.948397
vt 0.624747 0.972004
vt 0.307802 0.050725
vt 0.300804 0.103391
vt 0.266594 0.027733
vt 0.260302 0.085325
vt 0.214814 0.073251
vt 0.209513 0.138817
vt 0.166608 0.076209
vt 0.162433 0.134462
vt 0.117741 0.089725
vt 0.121630 0.143247
vt 0.086459 0.148819
vt 0.127472 0.204219
vt 0.099765 0.208093
vt 0.123733 0.262832
vt 0.099765 0.266301
vt 0.134680 0.340578
vt 0.111959 0.341674
vt 0.151860 0.421507
vt 0.136888 0.422603
vt 0.154924 0.490738
vt 0.137368 0.492675
vt 0.061545 0.268043
vt 0.079791 0.355535
vt 0.113265 0.424751
vt 0.113941 0.486788
vt 0.114962 0.037239
vt 0.077223 0.100462
vt 0.070901 0.057678
vt 0.025533 0.110254
vt 0.022680 0.059810
vt 0.016898 0.370613
vt 0.022184 0.316970
vt 0.016447 0.317315
vt 0.043494 0.482148
vt 0.045101 0.454485
vt 0.031165 0.477477
vt 0.034108 0.452353
vt 0.021418 0.471050
vt 0.025233 0.448418
vt 0.010170 0.469999
vt 0.601064 0.312510
vt 0.642873 0.292026
vt 0.635710 0.328158
vt 0.677308 0.300256
vt 0.647679 0.265190
vt 0.677398 0.273975
vt 0.678765 0.195614
vt 0.708425 0.264484
vt 0.713065 0.193241
vt 0.742604 0.229403
vt 0.752216 0.188901
vt 0.807120 0.195043
vt 0.836959 0.107731
vt 0.869472 0.141580
vt 0.864517 0.058233
vt 0.926659 0.092849
vt 0.959848 0.059645
vt 0.991655 0.152889
vt 0.430180 0.267938
vt 0.396015 0.268418
vt 0.406813 0.160653
vt 0.360919 0.152889
vt 0.431547 0.092143
vt 0.397637 0.061057
vt 0.489454 0.058954
vt 0.472514 0.013751
vt 0.565743 0.058233
vt 0.574228 0.020795
vt 0.622960 0.080835
vt 0.646267 0.063174
vt 0.677353 0.123590
vt 0.886412 0.016575
vt 0.787537 0.061762
vt 0.780479 0.022221
vt 0.733849 0.084364
vt 0.767038 0.114053
vt 0.719733 0.123920
vt 0.642152 0.193030
vt 0.612418 0.229012
vt 0.609534 0.279336
vt 0.546686 0.265190
vt 0.637797 0.121802
vt 0.591183 0.109113
vt 0.604593 0.188195
vt 0.526202 0.110554
vt 0.548052 0.194292
vt 0.488043 0.140184
vt 0.477590 0.193496
vt 0.485219 0.270130
vt 0.042998 0.636438
vt 0.048225 0.690245
vt 0.045987 0.725326
vt 0.033763 0.688744
vt 0.031330 0.726648
vt 0.016688 0.724681
vt 0.016282 0.591941
vt 0.246095 0.347786
vt 0.222803 0.340022
vt 0.223359 0.418729
vt 0.202289 0.414839
vt 0.200637 0.335592
vt 0.187332 0.414284
vt 0.171263 0.418173
vt 0.154924 0.490738
vt 0.208236 0.482733
vt 0.194180 0.483484
vt 0.175693 0.484130
vt 0.227534 0.477177
vt 0.275470 0.270175
vt 0.219154 0.009862
vt 0.214814 0.073251
vt 0.209513 0.138817
vt 0.066441 0.215392
vt 0.041977 0.159286
vt 0.016282 0.591941
vt 0.045987 0.725326
vt 0.048225 0.690245
vt 0.031330 0.726648
vt 0.033763 0.688744
vt 0.016688 0.724681
vt 0.083561 0.849176
vt 0.043434 0.881238
vt 0.086054 0.822415
vt 0.054892 0.825088
vt 0.038163 0.795909
vt 0.011161 0.796765
vt 0.037172 0.774929
vt 0.011942 0.776311
vt 0.010996 0.751682
vt 0.014765 0.880773
vt 0.014120 0.824787
vt 0.167494 0.896901
vt 0.097227 0.941684
vt 0.043074 0.988103
vt 0.059187 0.747462
vt 0.086940 0.750000
vt 0.077869 0.775395
vt 0.079476 0.797410
vt 0.010996 0.751682
vt 0.011942 0.776311
vt 0.037172 0.774929
vt 0.011161 0.796765
vt 0.038163 0.795909
vt 0.054892 0.825088
vt 0.086054 0.822415
vt 0.043434 0.881238
vt 0.083561 0.849176
vt 0.014120 0.824787
vt 0.014765 0.880773
vt 0.167494 0.896901
vt 0.097227 0.941684
vt 0.043074 0.988103
vt 0.079476 0.797410
vt 0.077869 0.775395
vt 0.086940 0.750000
vt 0.059187 0.747462
vt 0.290052 0.414704
vt 0.338889 0.288782
vt 0.368413 0.457504
vt 0.290052 0.414704
vt 0.338889 0.288782
vt 0.368413 0.457504
vt 0.314921 0.992518
vt 0.305775 0.988583
vt 0.284150 0.547234
vt 0.294332 0.510230
vt 0.282197 0.481968
vt 0.259641 0.537562
vt 0.240314 0.519752
vt 0.171548 0.542758
vt 0.156095 0.513579
vt 0.178156 0.859793
vt 0.155720 0.786117
vt 0.226648 0.792500
vt 0.134906 0.757209
vt 0.193083 0.719124
vt 0.102002 0.704212
vt 0.151019 0.661262
vt 0.417085 0.641469
vt 0.311211 0.724726
vt 0.222308 0.505245
vt 0.250616 0.476351
vt 0.368278 0.475120
vt 0.397187 0.503382
vt 0.455184 0.625039
vt 0.471764 0.657868
vt 0.428723 0.716015
vt 0.521682 0.699767
vt 0.489920 0.753454
vt 0.469721 0.782783
vt 0.397637 0.790022
vt 0.311211 0.807442
vt 0.448832 0.856940
vt 0.958767 0.270055
vt 0.921718 0.266601
vt 0.947143 0.161359
vt 0.868767 0.270836
vt 0.877627 0.194652
vt 0.804732 0.266571
vt 0.743746 0.281439
vt 0.710422 0.292026
vt 0.714792 0.064586
vt 0.718742 0.328398
vt 0.754333 0.313937
vt 0.594457 0.438131
vt 0.601755 0.452368
vt 0.625813 0.439138
vt 0.603107 0.466725
vt 0.631910 0.463691
vt 0.607762 0.495648
vt 0.636821 0.492089
vt 0.608333 0.511011
vt 0.636416 0.512859
vt 0.607312 0.532847
vt 0.633112 0.533267
vt 0.602476 0.557040
vt 0.628952 0.558031
vt 0.975346 0.363569
vt 0.961590 0.289743
vt 0.892629 0.378151
vt 0.891113 0.293362
vt 0.789219 0.389685
vt 0.773721 0.342200
vt 0.734120 0.388048
vt 0.711803 0.343221
vt 0.618199 0.425216
vt 0.732843 0.604285
vt 0.743310 0.565120
vt 0.758103 0.520322
vt 0.800167 0.529979
vt 0.761361 0.468362
vt 0.810784 0.473032
vt 0.757862 0.435053
vt 0.805017 0.427679
vt 0.896579 0.415245
vt 0.989162 0.415440
vt 0.781620 0.604991
vt 0.785479 0.574490
vt 0.882297 0.663755
vt 0.865313 0.584702
vt 0.908908 0.585663
vt 0.887403 0.529363
vt 0.941496 0.536496
vt 0.890527 0.460943
vt 0.966395 0.464157
vt 0.594457 0.438131
vt 0.618199 0.425216
vt 0.625813 0.439138
vt 0.711803 0.343221
vt 0.734120 0.388048
vt 0.773721 0.342200
vt 0.789219 0.389685
vt 0.891113 0.293362
vt 0.892629 0.378151
vt 0.961590 0.289743
vt 0.975346 0.363569
vt 0.989162 0.415440
vt 0.896579 0.415245
vt 0.805017 0.427679
vt 0.757862 0.435053
vt 0.810784 0.473032
vt 0.761361 0.468362
vt 0.800167 0.529979
vt 0.758103 0.520322
vt 0.743310 0.565120
vt 0.633112 0.533267
vt 0.732843 0.604285
vt 0.628952 0.558031
vt 0.781620 0.604991
vt 0.785479 0.574490
vt 0.882297 0.663755
vt 0.865313 0.584702
vt 0.908908 0.585663
vt 0.887403 0.529363
vt 0.941496 0.536496
vt 0.890527 0.460943
vt 0.966395 0.464157
vt 0.602476 0.557040
vt 0.607312 0.532847
vt 0.636416 0.512859
vt 0.608333 0.511011
vt 0.636821 0.492089
vt 0.607762 0.495648
vt 0.631910 0.463691
vt 0.603107 0.466725
vt 0.601755 0.452368
vt 0.505928 0.804949
vt 0.925052 0.870185
vt 0.913759 0.928033
vt 0.900424 0.866957
vt 0.871665 0.869179
vt 0.899162 0.836201
vt 0.865688 0.833257
vt 0.904118 0.803793
vt 0.874158 0.803808
vt 0.867655 0.774374
vt 0.831253 0.804318
vt 0.832229 0.752418
vt 0.791832 0.804318
vt 0.794820 0.747417
vt 0.756255 0.804228
vt 0.755444 0.745255
vt 0.697387 0.744008
vt 0.691275 0.692273
vt 0.745983 0.990611
vt 0.794310 0.860694
vt 0.853794 0.932253
vt 0.831253 0.857706
vt 0.893260 0.927267
vt 0.947999 0.826274
vt 0.949636 0.803673
vt 0.947999 0.780861
vt 0.989147 0.798357
vt 0.985242 0.803568
vt 0.989177 0.808734
vt 0.898967 0.771430
vt 0.926058 0.742431
vt 0.903097 0.739938
vt 0.913038 0.679493
vt 0.874158 0.740434
vt 0.892539 0.680379
vt 0.853043 0.675663
vt 0.797869 0.662823
vt 0.752651 0.695982
vt 0.758883 0.661592
vt 0.742424 0.620174
vt 0.775658 0.649908
vt 0.290382 0.159842
vt 0.249564 0.138847
vt 0.236109 0.210316
vt 0.206179 0.205885
vt 0.228615 0.249842
vt 0.201103 0.247814
vt 0.200637 0.335592
vt 0.164175 0.340097
vt 0.187332 0.414284
vt 0.171263 0.418173
vt 0.175693 0.484130
vt 0.269327 0.220483
vt 0.275470 0.270175
vt 0.246095 0.347786
vt 0.222803 0.340022
vt 0.223359 0.418729
vt 0.202289 0.414839
vt 0.227534 0.477177
vt 0.208236 0.482733
vt 0.194180 0.483484
vt 0.219154 0.009862
vt 0.171894 0.015884
vt 0.041977 0.159286
vt 0.066441 0.215392
vt 0.041106 0.368841
vt 0.045311 0.417017
vt 0.035400 0.416551
vt 0.042998 0.636438
vt 0.310235 0.551649
vt 0.156846 0.203663
vt 0.156846 0.256314
vn 0.0000 0.3497 0.9369
vn 0.0000 0.8110 0.5850
vn 0.9297 0.2832 0.2355
vn 0.9294 0.3442 0.1331
vn 0.5288 -0.8246 -0.2011
vn 0.5248 -0.8500 -0.0462
vn -0.5248 -0.8500 -0.0462
vn -0.9348 0.3408 0.1002
vn -0.9335 0.3340 0.1305
vn -0.9335 0.2732 0.2323
vn -0.9265 0.2901 0.2398
vn -0.9333 0.1179 0.3391
vn -0.9179 0.1406 0.3711
vn -0.9290 -0.1311 0.3461
vn -0.9300 -0.1312 0.3434
vn 0.6978 0.5748 0.4274
vn 0.7315 0.4758 0.4883
vn 0.9251 0.3747 0.0621
vn -0.9251 0.3747 0.0621
vn -0.7321 0.4757 0.4875
vn -0.6983 0.5746 0.4268
vn -0.4688 0.4820 0.7402
vn -0.6243 0.5986 0.5020
vn -0.7573 -0.6524 -0.0314
vn -0.8450 -0.5127 -0.1521
vn 0.6850 -0.6773 -0.2686
vn 0.8899 0.3854 0.2442
vn 0.7995 0.5948 0.0841
vn 0.8084 0.5833 0.0792
vn 0.5720 0.8086 -0.1375
vn 0.7147 0.6344 -0.2944
vn 0.0950 0.9098 -0.4040
vn 0.0882 0.9635 -0.2528
vn -0.8941 -0.1344 0.4273
vn -0.8758 -0.0834 0.4755
vn -0.8812 -0.0268 0.4720
vn -0.8560 0.0122 0.5168
vn -0.8560 0.0172 0.5166
vn -0.8143 0.0310 0.5795
vn -0.8014 -0.3408 0.4915
vn 0.2202 -0.4002 0.8896
vn 0.2159 -0.4022 0.8897
vn 0.9044 -0.2080 0.3725
vn 0.9080 0.1139 0.4033
vn 0.9205 0.1357 0.3665
vn 0.9360 0.0631 0.3463
vn 0.9815 0.1419 0.1285
vn 0.9864 -0.0803 0.1433
vn 0.9960 -0.0534 0.0723
vn 0.1009 -0.0531 0.9935
vn 0.0945 -0.0488 0.9943
vn 0.9529 0.1223 0.2777
vn 0.9649 -0.0277 0.2610
vn 0.9696 -0.0485 0.2399
vn 0.9627 -0.0423 -0.2674
vn 0.9435 0.0015 -0.3312
vn 0.9225 0.1626 -0.3501
vn 0.8976 0.2055 -0.3900
vn 0.8822 0.2691 -0.3864
vn 0.8382 0.3231 -0.4394
vn 0.8781 0.0348 -0.4773
vn -0.0970 0.0015 -0.9953
vn -0.1635 0.0291 -0.9861
vn -0.9707 -0.1488 -0.1884
vn -0.9679 0.1326 -0.2137
vn -0.8629 0.1232 0.4901
vn -0.8722 0.0913 0.4805
vn 0.2386 0.0795 0.9679
vn 0.1841 0.0705 0.9804
vn -0.3645 0.1412 0.9204
vn -0.3543 0.1449 0.9238
vn -0.3574 0.1338 0.9243
vn -0.3993 0.1422 0.9057
vn -0.1315 0.0185 -0.9911
vn -0.0831 0.0377 -0.9958
vn -0.0783 0.0166 -0.9968
vn -0.2254 0.0421 -0.9734
vn -0.3244 -0.0097 -0.9459
vn -0.2719 0.0034 -0.9623
vn -0.2716 -0.0003 -0.9624
vn -0.3401 0.0244 -0.9401
vn 0.3415 0.1076 0.9337
vn 0.2966 0.0716 0.9523
vn 0.2886 0.1636 0.9434
vn 0.1465 0.0310 0.9887
vn 0.2451 0.0574 0.9678
vn 0.0565 0.0907 0.9943
vn 0.0611 0.0471 0.9970
vn 0.0194 0.0361 0.9992
vn -0.3637 0.0417 -0.9306
vn -0.5348 -0.0898 -0.8402
vn -0.5315 -0.1173 -0.8389
vn -0.5105 -0.0939 -0.8547
vn 0.5073 -0.0917 -0.8569
vn 0.5313 -0.1184 -0.8389
vn 0.5350 -0.0878 -0.8402
vn 0.3668 0.0417 -0.9294
vn -0.0194 0.0361 0.9992
vn -0.0611 0.0471 0.9970
vn -0.0570 0.0865 0.9946
vn -0.2363 0.0549 0.9701
vn -0.1465 0.0310 0.9887
vn -0.2886 0.1636 0.9434
vn -0.2970 0.0672 0.9525
vn -0.3477 0.1080 0.9314
vn 0.2300 0.0404 -0.9724
vn 0.0777 0.0140 -0.9969
vn 0.0831 0.0377 -0.9958
vn 0.1187 0.0236 -0.9926
vn 0.3370 0.0233 -0.9412
vn 0.2716 -0.0003 -0.9624
vn 0.2719 0.0034 -0.9623
vn 0.3244 -0.0097 -0.9459
vn 0.4079 0.1440 0.9016
vn 0.3574 0.1338 0.9243
vn 0.3543 0.1449 0.9238
vn 0.3617 0.1422 0.9214
vn 0.9992 -0.0050 0.0401
vn 0.9266 0.1367 0.3504
vn 0.9317 -0.1200 0.3430
vn 0.9837 -0.0606 0.1691
vn 0.9051 -0.3884 0.1732
vn 0.8751 -0.4081 0.2600
vn 0.8174 -0.3963 0.4181
vn 0.9166 -0.3545 0.1848
vn 0.9851 0.0281 0.1696
vn 0.9136 -0.0613 0.4020
vn 0.9150 0.1584 0.3710
vn 0.9712 -0.2235 -0.0821
vn 0.9688 -0.2473 -0.0149
vn 0.8484 -0.5271 -0.0493
vn 0.8456 -0.5333 -0.0242
vn 0.7171 0.0322 0.6962
vn 0.6281 -0.1568 0.7622
vn 0.5865 0.2478 0.7711
vn 0.4108 -0.0708 0.9090
vn 0.3307 0.0047 0.9437
vn 0.8460 -0.3700 0.3838
vn 0.8404 -0.3723 0.3938
vn 0.9190 -0.0370 0.3926
vn 0.9095 -0.0439 0.4133
vn 0.7781 0.6279 -0.0185
vn 0.5295 0.6389 0.5581
vn 0.7728 0.1710 0.6112
vn 0.6296 -0.2912 0.7203
vn 0.5656 -0.0814 0.8206
vn -0.9992 -0.0051 0.0408
vn -0.9262 0.1374 0.3511
vn -0.9313 -0.1203 0.3439
vn -0.9837 -0.0606 0.1691
vn -0.9051 -0.3882 0.1732
vn -0.8754 -0.4081 0.2590
vn -0.9150 0.1584 0.3710
vn -0.9136 -0.0613 0.4020
vn -0.9851 0.0281 0.1696
vn -0.9166 -0.3545 0.1848
vn -0.8190 -0.3959 0.4152
vn -0.9713 -0.2234 -0.0811
vn -0.9689 -0.2471 -0.0148
vn -0.8484 -0.5271 -0.0493
vn -0.8453 -0.5338 -0.0224
vn -0.5659 -0.0745 0.8211
vn -0.6314 -0.2877 0.7201
vn -0.7728 0.1710 0.6112
vn -0.5295 0.6389 0.5581
vn -0.7774 0.6288 -0.0145
vn -0.9099 -0.0440 0.4124
vn -0.9189 -0.0373 0.3926
vn -0.8405 -0.3722 0.3938
vn -0.8459 -0.3700 0.3842
vn -0.3242 0.0106 0.9459
vn -0.4108 -0.0708 0.9090
vn -0.5865 0.2478 0.7711
vn -0.6281 -0.1568 0.7622
vn -0.7171 0.0322 0.6962
vn 0.4702 0.4831 0.7386
vn 0.6243 0.5986 0.5020
vn 0.7573 -0.6524 -0.0314
vn 0.8450 -0.5127 -0.1521
vn -0.6850 -0.6773 -0.2686
vn -0.8899 0.3854 0.2442
vn -0.7995 0.5948 0.0841
vn -0.8084 0.5833 0.0792
vn -0.5720 0.8086 -0.1375
vn -0.7079 0.6458 -0.2860
vn -0.0962 0.9111 -0.4009
vn -0.0893 0.9634 -0.2528
vn 0.6042 -0.3943 -0.6924
vn 0.5131 -0.8476 -0.1357
vn -0.5845 -0.6437 -0.4939
vn -0.5203 -0.5974 -0.6103
vn -0.7951 -0.3868 -0.4670
vn -0.6946 -0.0940 -0.7133
vn -0.6042 -0.3943 -0.6924
vn -0.5131 -0.8476 -0.1357
vn 0.5845 -0.6437 -0.4939
vn 0.5203 -0.5974 -0.6103
vn 0.7951 -0.3868 -0.4670
vn 0.6938 -0.0926 -0.7142
vn -0.0001 1.0000 0.0005
vn -0.0000 1.0000 0.0004
vn 0.0003 1.0000 0.0011
vn -0.0001 1.0000 0.0001
vn -0.0002 1.0000 0.0003
vn -0.0002 1.0000 0.0005
vn 0.0001 1.0000 0.0005
vn 0.0001 1.0000 0.0001
vn -0.0003 1.0000 0.0011
vn 0.2775 0.0242 -0.9604
vn 0.2408 -0.1523 -0.9586
vn -0.1034 -0.3876 -0.9160
vn -0.2967 -0.3021 -0.9060
vn 0.1470 -0.6652 -0.7321
vn 0.4135 -0.7064 -0.5744
vn 0.4551 -0.8889 -0.0521
vn 0.0851 0.9910 0.1030
vn 0.0918 0.9924 0.0823
vn -0.3521 0.2616 -0.8987
vn 0.9401 -0.3028 -0.1565
vn 0.9133 -0.2257 -0.3391
vn 0.7738 0.6037 0.1918
vn 0.7719 0.5453 0.3268
vn -0.7022 0.4860 -0.5202
vn -0.6871 0.4702 -0.5539
vn -0.7742 0.2901 -0.5626
vn -0.6681 0.1531 -0.7282
vn -0.7145 -0.2719 -0.6447
vn 0.8034 0.5171 0.2952
vn 0.7978 0.5534 0.2393
vn -0.7928 0.5137 -0.3281
vn -0.7968 0.5200 -0.3077
vn -0.8967 0.2905 -0.3341
vn 0.8400 0.4982 0.2151
vn 0.7946 0.6020 0.0782
vn -0.8487 0.5236 -0.0748
vn -0.8441 0.5362 -0.0105
vn -0.9513 0.3083 0.0010
vn 0.9358 0.3473 0.0600
vn 0.8420 0.5242 -0.1271
vn -0.7332 0.6489 0.2032
vn -0.7085 0.6529 0.2680
vn -0.9171 0.2767 0.2868
vn 0.2919 -0.0822 0.9529
vn 0.1978 -0.0405 0.9794
vn 0.2313 0.0776 0.9698
vn -0.1379 0.0649 0.9883
vn -0.1465 -0.0665 0.9870
vn -0.3674 -0.1862 0.9113
vn -0.1595 -0.3303 0.9303
vn -0.4551 -0.8890 -0.0506
vn -0.4135 -0.7064 -0.5744
vn -0.1470 -0.6652 -0.7321
vn 0.2967 -0.3021 -0.9060
vn 0.1034 -0.3876 -0.9160
vn -0.2408 -0.1523 -0.9586
vn -0.2775 0.0242 -0.9604
vn -0.9133 -0.2257 -0.3391
vn -0.9401 -0.3028 -0.1565
vn 0.3521 0.2616 -0.8987
vn -0.0918 0.9924 0.0823
vn -0.0840 0.9908 0.1064
vn 0.7122 -0.2729 -0.6468
vn 0.6644 0.1520 -0.7318
vn 0.7735 0.2917 -0.5627
vn 0.6871 0.4701 -0.5539
vn 0.7022 0.4860 -0.5202
vn -0.7719 0.5453 0.3268
vn -0.7738 0.6037 0.1918
vn 0.8965 0.2911 -0.3341
vn 0.7968 0.5200 -0.3077
vn 0.7928 0.5137 -0.3281
vn -0.7978 0.5534 0.2393
vn -0.8034 0.5171 0.2952
vn 0.9171 0.2767 0.2868
vn 0.7085 0.6529 0.2680
vn 0.7332 0.6489 0.2032
vn -0.8420 0.5242 -0.1271
vn -0.9329 0.3565 0.0510
vn 0.9514 0.3080 0.0010
vn 0.8441 0.5362 -0.0105
vn 0.8487 0.5236 -0.0748
vn -0.7946 0.6020 0.0782
vn -0.8386 0.5030 0.2093
vn 0.1545 -0.3335 0.9300
vn 0.3674 -0.1861 0.9113
vn 0.1465 -0.0665 0.9870
vn 0.1379 0.0649 0.9883
vn -0.2313 0.0776 0.9698
vn -0.1978 -0.0405 0.9794
vn -0.2657 -0.0705 0.9615
vn 0.8205 -0.1490 -0.5519
vn 0.8840 0.1593 -0.4394
vn 0.0981 0.1259 -0.9872
vn 0.2422 0.2255 -0.9437
vn 0.1288 0.2607 -0.9568
vn -0.1288 0.2607 -0.9568
vn -0.3960 0.8897 -0.2272
vn -0.6044 -0.6343 -0.4821
vn -0.5198 -0.6543 -0.5493
vn -0.2897 -0.8254 -0.4846
vn -0.1791 -0.7369 -0.6519
vn -0.4553 -0.5587 -0.6932
vn -0.4886 -0.6347 -0.5988
vn -0.1239 -0.6877 -0.7153
vn -0.1425 -0.5981 -0.7887
vn 0.1425 -0.5981 -0.7887
vn 0.2024 -0.5414 -0.8160
vn 0.4048 -0.7512 -0.5214
vn 0.2669 -0.7839 -0.5605
vn 0.1794 -0.7566 -0.6288
vn 0.4457 -0.5741 -0.6869
vn 0.5198 -0.6543 -0.5493
vn 0.6044 -0.6343 -0.4821
vn 0.4987 -0.7115 0.4950
vn 0.5073 -0.6911 0.5148
vn -0.3026 -0.4445 -0.8431
vn -0.1087 -0.4214 -0.9004
vn -0.8498 -0.1224 -0.5126
vn -0.8017 -0.1244 -0.5846
vn -0.4411 -0.6658 -0.6018
vn -0.4031 -0.9145 0.0343
vn -0.2033 -0.9787 0.0292
vn -0.2749 -0.8642 0.4213
vn -0.4987 -0.7115 0.4950
vn -0.5073 -0.6911 0.5148
vn -0.2422 0.2255 -0.9437
vn -0.0981 0.1259 -0.9872
vn -0.8840 0.1593 -0.4394
vn -0.8205 -0.1490 -0.5519
vn -0.8834 0.3304 -0.3324
vn -0.7810 0.6241 0.0226
vn -0.9104 0.3870 0.1460
vn -0.3877 0.6735 0.6294
vn -0.1168 0.4747 0.8723
vn 0.1312 0.4578 0.8793
vn 0.0811 -0.0314 0.9962
vn 0.0359 -0.3981 0.9166
vn 0.1683 -0.4957 0.8520
vn 0.1460 -0.6443 0.7507
vn -0.1460 -0.6443 0.7507
vn 0.0805 -0.8512 0.5186
vn 0.2312 -0.8710 0.4335
vn 0.4716 -0.3375 0.8147
vn 0.5697 -0.4643 0.6781
vn -0.1683 -0.4957 0.8520
vn -0.0359 -0.3981 0.9166
vn 0.3378 -0.4601 0.8211
vn 0.1243 -0.6249 0.7708
vn -0.0164 -0.6076 0.7941
vn 0.2113 -0.4442 0.8706
vn -0.0805 -0.8512 0.5186
vn -0.2312 -0.8710 0.4335
vn -0.4716 -0.3375 0.8147
vn -0.5697 -0.4643 0.6781
vn -0.3378 -0.4601 0.8211
vn -0.1243 -0.6249 0.7708
vn 0.0164 -0.6076 0.7941
vn -0.2113 -0.4442 0.8706
vn -0.9626 -0.0422 -0.2675
vn -0.9435 0.0015 -0.3312
vn 0.0134 -0.0284 -0.9995
vn 0.0653 0.2411 -0.9683
vn 0.9410 0.1127 -0.3191
vn 0.9536 0.1499 -0.2610
vn 0.8812 -0.0268 0.4720
vn 0.8560 0.0122 0.5168
vn -0.1009 -0.0531 0.9935
vn -0.1037 -0.0861 0.9909
vn -0.2314 -0.0318 0.9723
vn -0.2202 -0.4002 0.8896
vn -0.2159 -0.4022 0.8897
vn -0.2290 0.1004 0.9682
vn -0.2378 0.1035 0.9658
vn -0.2386 0.0795 0.9679
vn -0.1841 0.0705 0.9804
vn -0.1839 -0.1203 0.9755
vn -0.3023 -0.0928 0.9487
vn -0.9044 -0.2080 0.3725
vn -0.9080 0.1139 0.4033
vn -0.9205 0.1357 0.3665
vn -0.9360 0.0631 0.3463
vn -0.9815 0.1419 0.1285
vn -0.9864 -0.0803 0.1433
vn -0.9960 -0.0534 0.0723
vn 0.8758 -0.0834 0.4755
vn -0.1083 -0.1364 0.9847
vn -0.0786 -0.1148 0.9903
vn -0.9649 -0.0277 0.2610
vn -0.9696 -0.0485 0.2399
vn 0.0000 0.9543 0.2988
vn 0.0000 0.9857 0.1687
vn -0.5192 0.3028 -0.7992
vn -0.5168 0.3023 -0.8009
vn 0.5191 0.3018 -0.7996
vn 0.5167 0.3033 -0.8006
vn 0.9299 -0.1303 0.3439
vn 0.9289 -0.1322 0.3460
vn 0.0008 -0.3567 0.9342
vn 0.3110 0.9420 -0.1263
vn 0.3216 0.9396 -0.1171
vn 0.3831 0.6339 -0.6719
vn 0.4151 0.6544 -0.6320
vn 0.3165 0.0361 -0.9479
vn -0.3165 0.0361 -0.9479
vn -0.2773 0.0566 -0.9591
vn -0.8631 0.1201 -0.4905
vn -0.6189 0.4092 -0.6704
vn -0.8539 0.5016 -0.1390
vn -0.9825 -0.0360 -0.1827
vn -0.9975 0.0355 0.0610
vn -0.8610 -0.3359 0.3818
vn -0.9026 -0.3597 0.2366
vn -0.3517 -0.7974 0.4903
vn -0.2628 -0.1379 0.9549
vn 0.1640 0.4029 0.9004
vn 0.2262 0.4202 0.8788
vn 0.3115 -0.0962 0.9454
vn 0.2628 -0.1379 0.9549
vn 0.3517 -0.7974 0.4903
vn 0.3013 -0.8346 0.4612
vn 0.2315 -0.9684 -0.0926
vn 0.2087 -0.9723 -0.1051
vn 0.1458 -0.8013 -0.5802
vn 0.3152 -0.8165 -0.4838
vn 0.2658 -0.5659 -0.7804
vn -0.2087 -0.9723 -0.1051
vn -0.1458 -0.8013 -0.5802
vn -0.4348 -0.6929 -0.5751
vn -0.4345 -0.5807 -0.6885
vn -0.7164 -0.1214 -0.6870
vn -0.2682 -0.1579 -0.9503
vn -0.2612 -0.1535 -0.9530
vn 0.2612 -0.1535 -0.9530
vn 0.2773 0.0566 -0.9591
vn 0.8631 0.1201 -0.4905
vn 0.9115 0.3551 -0.2075
vn 0.8430 0.2777 -0.4607
vn 0.7529 0.6487 -0.1112
vn 0.7803 0.6202 -0.0807
vn 0.2342 -0.5895 -0.7730
vn 0.2682 -0.1579 -0.9503
vn 0.7164 -0.1214 -0.6870
vn 0.6305 -0.1897 -0.7527
vn 0.9715 -0.0780 -0.2241
vn 0.9825 -0.0360 -0.1827
vn 0.9975 0.0355 0.0610
vn 0.9831 0.1206 0.1375
vn 0.8590 0.0083 0.5120
vn 0.8229 0.1585 0.5457
vn 0.5606 0.3692 0.7412
vn 0.9111 0.2691 -0.3122
vn 0.9177 0.3164 -0.2404
vn 0.9416 0.3074 0.1372
vn 0.9914 0.0354 -0.1256
vn 0.6342 -0.6366 -0.4388
vn 0.6513 -0.6172 -0.4415
vn 0.4558 -0.4719 -0.7547
vn 0.4135 -0.5562 -0.7209
vn -0.2928 -0.2480 -0.9235
vn -0.3053 -0.1903 -0.9330
vn -0.7612 -0.6480 -0.0263
vn -0.5935 -0.7956 0.1215
vn -0.6410 -0.6997 0.3156
vn 0.0412 -0.9144 0.4027
vn -0.0839 -0.9639 0.2526
vn -0.3908 0.5474 0.7400
vn 0.3490 0.2134 0.9125
vn 0.3333 0.1826 0.9250
vn -0.6055 0.6120 0.5087
vn -0.6504 0.6498 0.3933
vn 0.7657 0.1467 -0.6262
vn 0.8154 0.1238 -0.5655
vn -0.2048 0.1439 -0.9682
vn -0.2688 0.1550 -0.9507
vn -0.9756 0.0788 -0.2051
vn -0.9915 0.1115 -0.0676
vn -0.8841 0.0984 0.4569
vn -0.8785 -0.0813 0.4708
vn 0.1839 -0.1203 0.9755
vn 0.3023 -0.0928 0.9487
vn -0.2883 0.0063 -0.9575
vn -0.9921 -0.0590 -0.1105
vn -0.9943 -0.0696 -0.0806
vn -0.8566 -0.0958 0.5070
vn -0.2676 0.0028 -0.9635
vn 0.7098 0.0304 -0.7038
vn 0.8133 -0.0198 -0.5815
vn -0.2040 0.2443 -0.9480
vn 0.7531 0.2127 -0.6225
vn 0.8271 0.1601 -0.5388
vn 0.8465 -0.0040 -0.5323
vn -0.0319 -0.0481 -0.9983
vn -0.9303 -0.1619 -0.3291
vn -0.9410 0.1127 -0.3191
vn -0.9536 0.1499 -0.2610
vn -0.9343 0.2593 -0.2447
vn -0.8191 0.0670 -0.5697
vn 0.0786 -0.1148 0.9903
vn 0.1083 -0.1364 0.9847
vn 0.8865 -0.1920 0.4210
vn 0.8819 0.0712 0.4660
vn 0.9228 0.0444 0.3826
vn 0.9278 -0.0136 0.3728
vn 0.8285 -0.1175 0.5476
vn 0.8809 0.0582 0.4697
vn -0.8301 -0.1133 0.5459
vn -0.8809 0.0582 0.4697
vn 0.6504 0.6498 0.3933
vn 0.6055 0.6120 0.5087
vn 0.3053 -0.1903 -0.9330
vn 0.2928 -0.2480 -0.9235
vn 0.0839 -0.9639 0.2526
vn -0.0412 -0.9144 0.4027
vn -0.3333 0.1826 0.9250
vn -0.3477 0.2109 0.9136
vn 0.1327 -0.8652 -0.4836
vn 0.6390 -0.6957 -0.3282
vn 0.7040 -0.6747 -0.2219
vn 0.9262 -0.2317 0.2976
vn 0.5999 -0.2671 0.7542
vn 0.7738 0.0768 0.6288
vn -0.2929 0.1470 0.9448
vn -0.2897 0.1443 0.9462
vn -0.9075 0.1451 0.3941
vn 0.4697 -0.8640 -0.1814
vn 0.9643 -0.1630 0.2088
vn 0.9338 -0.1664 0.3168
vn 0.9102 -0.0459 0.4116
vn 0.6317 -0.0442 0.7739
vn -0.9362 -0.0720 -0.3439
vn -0.8970 -0.0774 -0.4352
vn -0.5371 -0.6978 -0.4740
vn -0.0658 -0.2603 -0.9633
vn -0.9267 0.0450 -0.3731
vn -0.9468 -0.1871 0.2618
vn -0.9956 -0.0551 0.0755
vn -0.2965 -0.1510 0.9430
vn -0.3010 -0.1486 0.9420
vn 0.8695 -0.0270 0.4932
vn -0.9808 -0.0583 0.1861
vn 0.9062 0.1453 0.3971
vn 0.2897 0.1443 0.9462
vn 0.2929 0.1470 0.9448
vn -0.7738 0.0768 0.6288
vn -0.5999 -0.2671 0.7542
vn -0.9262 -0.2317 0.2976
vn -0.7040 -0.6747 -0.2219
vn -0.6390 -0.6957 -0.3282
vn -0.1327 -0.8652 -0.4836
vn -0.6317 -0.0442 0.7739
vn -0.9102 -0.0459 0.4116
vn -0.9338 -0.1664 0.3168
vn -0.9643 -0.1630 0.2088
vn -0.4697 -0.8640 -0.1814
vn 0.9362 -0.0720 -0.3439
vn 0.8970 -0.0774 -0.4352
vn 0.5371 -0.6978 -0.4740
vn 0.0658 -0.2603 -0.9633
vn 0.9267 0.0450 -0.3731
vn -0.8695 -0.0270 0.4932
vn 0.3010 -0.1486 0.9420
vn 0.2965 -0.1510 0.9430
vn 0.9962 -0.0541 0.0684
vn 0.9447 -0.1931 0.2652
vn 0.9804 -0.0603 0.1873
vn -0.2712 -0.1750 -0.9465
vn -0.3396 0.0604 -0.9386
vn -0.2684 0.2622 -0.9269
vn 0.7254 -0.6419 -0.2484
vn 0.5571 0.0285 -0.8300
vn 0.2183 -0.7518 -0.6223
vn 0.6844 -0.1536 -0.7127
vn 0.6260 -0.0867 -0.7750
vn 0.6094 -0.1872 -0.7704
vn -0.8868 0.2978 -0.3535
vn -0.9371 -0.0594 -0.3441
vn -0.9946 -0.0124 0.1032
vn -0.9998 0.0152 -0.0090
vn -0.9711 0.0388 0.2355
vn -0.6069 -0.2640 -0.7496
vn -0.9599 0.2666 0.0872
vn 0.2684 0.2622 -0.9269
vn 0.3396 0.0604 -0.9386
vn 0.2712 -0.1750 -0.9465
vn -0.2183 -0.7518 -0.6223
vn -0.5571 0.0285 -0.8300
vn -0.7254 -0.6419 -0.2484
vn -0.6094 -0.1872 -0.7704
vn -0.6260 -0.0867 -0.7750
vn -0.6844 -0.1536 -0.7127
vn 0.9711 0.0388 0.2355
vn 0.9998 0.0152 -0.0090
vn 0.9947 -0.0121 0.1018
vn 0.9371 -0.0595 -0.3441
vn 0.8868 0.2983 -0.3529
vn 0.6068 -0.2654 -0.7492
vn 0.9599 0.2667 0.0862
vn -0.0840 0.9765 -0.1983
vn 0.0843 0.9765 -0.1983
vn 0.3960 0.8897 -0.2272
vn 0.3003 -0.4443 -0.8440
vn 0.1087 -0.4214 -0.9004
vn 0.8498 -0.1224 -0.5126
vn 0.8017 -0.1244 -0.5846
vn 0.4411 -0.6658 -0.6018
vn 0.4031 -0.9145 0.0343
vn 0.2033 -0.9787 0.0292
vn 0.2749 -0.8642 0.4213
vn 0.8960 0.1367 -0.4226
vn 0.8968 0.0754 -0.4360
vn 0.9443 0.1796 -0.2757
vn 0.9014 0.3784 -0.2105
vn 0.8875 0.4265 -0.1744
vn 0.9991 0.0220 -0.0374
vn 0.8175 0.5606 0.1321
vn -0.4048 -0.7512 -0.5214
vn -0.2024 -0.5414 -0.8160
vn -0.1975 -0.1544 -0.9681
vn 0.1975 -0.1544 -0.9681
vn 0.1840 -0.1733 -0.9675
vn 0.6217 -0.2154 -0.7530
vn 0.7560 -0.1317 -0.6412
vn 0.5156 -0.0514 -0.8553
vn 0.5475 -0.8076 -0.2192
vn 0.8648 -0.4147 -0.2831
vn 0.9384 -0.3456 -0.0051
vn -0.9378 -0.3472 0.0011
vn -0.8633 -0.4180 -0.2829
vn -0.5475 -0.8076 -0.2192
vn -0.4457 -0.5741 -0.6869
vn -0.5156 -0.0514 -0.8553
vn -0.7560 -0.1317 -0.6412
vn -0.8177 0.5604 0.1318
vn -0.9990 0.0225 -0.0375
vn -0.9014 0.3784 -0.2105
vn -0.9443 0.1796 -0.2757
vn -0.1941 0.2740 -0.9419
vn -0.2422 0.2141 -0.9463
vn 0.2422 0.2141 -0.9463
vn -0.8960 0.1367 -0.4226
vn -0.8968 0.0754 -0.4360
vn -0.1640 0.4029 0.9004
vn -0.5606 0.3692 0.7412
vn -0.8229 0.1585 0.5457
vn -0.9914 0.0354 -0.1256
vn -0.9416 0.3074 0.1372
vn -0.9177 0.3164 -0.2404
vn -0.9111 0.2691 -0.3122
vn -0.8430 0.2777 -0.4607
vn -0.9115 0.3551 -0.2075
vn -0.3831 0.6339 -0.6719
vn -0.4151 0.6544 -0.6320
vn -0.2342 -0.5895 -0.7730
vn -0.2658 -0.5659 -0.7804
vn -0.3152 -0.8165 -0.4838
vn -0.6305 -0.1897 -0.7527
vn -0.9715 -0.0780 -0.2241
vn -0.7340 -0.6349 -0.2410
vn -0.7052 -0.6949 -0.1409
vn -0.2315 -0.9684 -0.0926
vn -0.3013 -0.8346 0.4612
vn -0.8672 0.0577 0.4947
vn -0.3115 -0.0962 0.9454
vn -0.2262 0.4202 0.8788
vn -0.3214 0.9398 -0.1161
vn -0.3097 0.9424 -0.1263
vn -0.7529 0.6487 -0.1112
vn -0.7803 0.6202 -0.0807
vn -0.1311 0.2944 0.9466
vn -0.9985 0.0535 -0.0120
vn -0.9528 0.2546 0.1653
vn -0.6070 0.0762 -0.7910
vn -0.6858 0.2076 -0.6975
vn 0.2912 -0.1080 -0.9505
vn 0.1259 0.0166 -0.9919
vn 0.9266 -0.2096 -0.3123
vn 0.8431 -0.0553 -0.5349
vn 0.5597 -0.0909 0.8237
vn 0.7507 0.1125 0.6510
vn -0.3077 -0.0768 0.9484
vn -0.2102 0.0501 0.9764
vn -0.1914 0.2675 0.9444
vn 0.1337 0.4822 0.8658
vn 0.1585 0.1404 0.9773
vn 0.1388 0.1237 0.9826
vn 0.1714 0.4174 0.8924
vn 0.1437 0.4158 0.8980
vn 0.1268 0.1174 0.9850
vn 0.7485 0.2636 0.6085
vn 0.8904 0.1191 0.4394
vn 0.8962 -0.1077 -0.4303
vn 0.8853 -0.3084 -0.3481
vn -0.2193 -0.6076 -0.7634
vn -0.1501 -0.5291 -0.8352
vn -0.8177 -0.4192 -0.3945
vn -0.8018 -0.3881 -0.4545
vn -0.8711 -0.0176 0.4908
vn -0.8879 0.1151 0.4455
vn -0.9247 0.1283 0.3585
vn -0.9139 -0.1289 0.3849
vn -0.8242 -0.1965 0.5312
vn 0.8842 -0.0044 0.4671
vn 0.8934 -0.0319 0.4482
vn 0.8126 0.4282 0.3952
vn 0.9796 0.1929 0.0567
vn 0.9681 0.2403 0.0711
vn 0.7724 0.3728 -0.5142
vn 0.7725 0.3686 -0.5170
vn -0.4368 0.1699 -0.8834
vn -0.5286 -0.0180 -0.8487
vn -0.9454 -0.1179 -0.3038
vn -0.1273 0.1246 0.9840
vn -0.1437 0.4158 0.8980
vn -0.1714 0.4174 0.8924
vn -0.1388 0.1237 0.9826
vn -0.1585 0.1404 0.9773
vn -0.1337 0.4822 0.8658
vn 0.1914 0.2675 0.9444
vn 0.2102 0.0501 0.9764
vn 0.3077 -0.0768 0.9484
vn 0.8242 -0.1965 0.5312
vn 0.9139 -0.1290 0.3849
vn 0.9247 0.1283 0.3585
vn 0.8879 0.1151 0.4455
vn 0.8711 -0.0176 0.4908
vn 0.8018 -0.3881 -0.4545
vn 0.8177 -0.4192 -0.3945
vn 0.1501 -0.5291 -0.8352
vn 0.2193 -0.6076 -0.7634
vn -0.8853 -0.3084 -0.3481
vn -0.8962 -0.1077 -0.4303
vn -0.8904 0.1191 0.4394
vn -0.7485 0.2636 0.6085
vn -0.8842 -0.0044 0.4671
vn -0.8934 -0.0319 0.4482
vn -0.8126 0.4282 0.3952
vn -0.9796 0.1929 0.0567
vn -0.9689 0.2372 0.0702
vn -0.7726 0.3725 -0.5142
vn -0.7727 0.3686 -0.5168
vn 0.4368 0.1699 -0.8834
vn 0.5286 -0.0180 -0.8487
vn 0.9454 -0.1179 -0.3038
vn -0.7507 0.1125 0.6510
vn -0.5597 -0.0909 0.8237
vn -0.8431 -0.0553 -0.5349
vn -0.9266 -0.2096 -0.3123
vn -0.1259 0.0166 -0.9919
vn -0.2912 -0.1080 -0.9505
vn 0.6858 0.2076 -0.6975
vn 0.6070 0.0762 -0.7910
vn 0.9528 0.2546 0.1653
vn 0.9985 0.0535 -0.0120
vn 0.1205 0.2943 0.9481
vn 0.2734 -0.8574 0.4359
vn -0.1963 -0.2055 0.9588
vn 0.1963 -0.2055 0.9588
vn 0.0808 -0.2560 0.9633
vn -0.8659 0.4165 0.2771
vn -0.9574 -0.1455 0.2495
vn -0.4470 -0.2512 0.8586
vn -0.6003 -0.0275 0.7993
vn 0.0358 0.0307 0.9989
vn 0.0947 -0.0344 0.9949
vn -0.0947 -0.0344 0.9949
vn -0.1284 -0.2671 0.9551
vn 0.1638 -0.5484 0.8200
vn 0.2014 0.1015 0.9742
vn 0.1678 0.1467 0.9748
vn 0.1658 0.2837 0.9444
vn 0.0825 0.3945 0.9152
vn 0.0860 0.2719 0.9585
vn -0.1312 0.4578 0.8793
vn -0.0811 -0.0314 0.9962
vn 0.1037 -0.0438 0.9936
vn -0.0099 0.0579 0.9983
vn -0.2734 -0.8574 0.4359
vn 0.0099 0.0579 0.9983
vn -0.1037 -0.0438 0.9936
vn -0.9905 -0.1022 -0.0918
vn -0.9340 -0.0996 -0.3433
vn -0.6503 0.7561 0.0742
vn -0.8622 0.1155 0.4933
vn -0.8498 0.1483 0.5059
vn -0.8564 0.0810 0.5100
vn -0.8897 -0.4350 0.1388
vn -0.9495 -0.2497 0.1901
vn -0.4137 0.5349 0.7367
vn -0.2383 0.6971 0.6762
vn 0.0016 0.6417 0.7669
vn 0.6250 0.6702 0.4002
vn -0.6250 0.6702 0.4002
vn -0.5575 0.8203 0.1276
vn 0.3354 0.8957 0.2920
vn -0.3353 0.8957 0.2920
vn 0.5575 0.8203 0.1276
vn -0.0016 0.6417 0.7669
vn 0.2383 0.6971 0.6762
vn 0.4137 0.5349 0.7367
vn 0.8659 0.4165 0.2771
vn 0.9574 -0.1455 0.2495
vn 0.9495 -0.2497 0.1901
vn 0.8897 -0.4350 0.1388
vn 0.8564 0.0810 0.5100
vn 0.8498 0.1483 0.5059
vn 0.8622 0.1155 0.4933
vn 0.6503 0.7561 0.0742
vn 0.7810 0.6241 0.0226
vn 0.9104 0.3870 0.1460
vn 0.9905 -0.1022 -0.0918
vn 0.9340 -0.0996 -0.3433
vn 0.8834 0.3304 -0.3324
vn -0.9225 0.1626 -0.3501
vn -0.8976 0.2055 -0.3900
vn 0.1351 0.1725 -0.9757
vn 0.1637 0.4146 -0.8952
vn 0.0993 0.3945 -0.9135
vn 0.0970 0.0015 -0.9953
vn 0.1635 0.0291 -0.9861
vn 0.1640 0.2573 -0.9523
vn 0.9696 0.1291 -0.2077
vn 0.9756 0.0788 -0.2051
vn 0.9915 0.1115 -0.0676
vn 0.9943 -0.0696 -0.0806
vn 0.8566 -0.0958 0.5070
vn -0.8781 0.0348 -0.4773
vn -0.8382 0.3231 -0.4394
vn -0.8822 0.2691 -0.3864
vn -0.8465 -0.0040 -0.5323
vn -0.8271 0.1601 -0.5388
vn -0.7531 0.2127 -0.6225
vn -0.7657 0.1467 -0.6262
vn -0.8154 0.1238 -0.5655
vn -0.8133 -0.0198 -0.5815
vn -0.7098 0.0304 -0.7038
vn 0.2040 0.2443 -0.9480
vn 0.2048 0.1439 -0.9682
vn 0.2688 0.1550 -0.9507
vn 0.2676 0.0028 -0.9635
vn 0.2883 0.0063 -0.9575
vn 0.9921 -0.0590 -0.1105
vn 0.0319 -0.0481 -0.9983
vn 0.9303 -0.1619 -0.3291
vn 0.8191 0.0670 -0.5697
vn 0.8941 -0.1344 0.4273
vn -0.9278 -0.0136 0.3728
vn -0.9228 0.0444 0.3826
vn -0.8819 0.0712 0.4660
vn -0.8865 -0.1920 0.4210
vn -0.5288 -0.8239 -0.2039
vn -0.5119 -0.8343 -0.2045
vn -0.5285 -0.7053 -0.4725
vn -0.4838 -0.7318 -0.4800
vn -0.5224 -0.2709 -0.8085
vn -0.4910 -0.2860 -0.8229
vn 0.4929 -0.2765 -0.8250
vn 0.5232 -0.2798 -0.8050
vn 0.4856 -0.7262 -0.4866
vn 0.5287 -0.7110 -0.4636
vn 0.5122 -0.8337 -0.2064
vn 0.9261 0.3519 0.1363
vn 0.9275 0.3597 0.1015
vn 0.9240 0.2930 0.2455
vn 0.9313 0.1273 0.3413
vn 0.0008 0.3500 0.9368
vn 0.9198 0.1288 0.3706
vn 0.8672 0.0577 0.4947
vn 0.9026 -0.3597 0.2366
vn 0.8610 -0.3359 0.3818
vn 0.7052 -0.6949 -0.1409
vn 0.7340 -0.6349 -0.2410
vn 0.4348 -0.6929 -0.5751
vn 0.4345 -0.5807 -0.6885
vn 0.6189 0.4092 -0.6704
vn 0.8539 0.5016 -0.1390
vn -0.9696 0.1291 -0.2077
vn -0.1640 0.2573 -0.9523
vn -0.1637 0.4146 -0.8952
vn -0.0993 0.3945 -0.9135
vn -0.9786 0.1546 -0.1354
vn -0.9713 -0.1822 -0.1529
vn -0.8323 -0.3111 0.4589
vn -0.8506 0.1117 0.5138
vn 0.2290 0.1004 0.9682
vn 0.2378 0.1035 0.9658
vn -0.0134 -0.0284 -0.9995
vn -0.0653 0.2411 -0.9683
vn -0.1351 0.1725 -0.9757
vn 0.2314 -0.0318 0.9723
vn 0.1037 -0.0861 0.9909
vn 0.3858 0.5532 0.7384
vn 0.5935 -0.7956 0.1215
vn 0.6410 -0.6997 0.3156
vn -0.4558 -0.4719 -0.7547
vn -0.4135 -0.5562 -0.7209
vn 0.7612 -0.6480 -0.0263
vn -0.6342 -0.6366 -0.4388
vn -0.6513 -0.6172 -0.4415
vn -0.9141 0.2649 0.3071
vn 0.9141 0.2649 0.3071
vn 0.1941 0.2740 -0.9419
vn 0.1779 0.0593 -0.9823
vn 0.1888 0.0763 -0.9790
vn 0.1239 -0.6877 -0.7153
vn 0.4886 -0.6347 -0.5988
vn 0.4553 -0.5587 -0.6932
vn 0.1791 -0.7369 -0.6519
vn 0.2897 -0.8254 -0.4846
vn -0.0489 -0.2818 -0.9582
vn 0.0488 -0.2820 -0.9582
vn 0.0012 -0.5118 -0.8591
vn 0.8431 0.1384 -0.5197
vn -0.0012 -0.5118 -0.8591
vn -0.8431 0.1384 -0.5197
vn -0.1888 0.0763 -0.9790
vn -0.1840 -0.1733 -0.9675
vn -0.6217 -0.2154 -0.7530
vn -0.2669 -0.7839 -0.5605
vn -0.1794 -0.7566 -0.6288
vn -0.1779 0.0593 -0.9823
vn -0.8875 0.4265 -0.1744
vn -0.9831 0.1206 0.1375
vn -0.8590 0.0083 0.5120
vn -0.9063 0.4056 0.1188
vn -0.7966 0.5226 0.3038
vn -0.8106 0.1446 0.5675
vn -0.9653 -0.0941 -0.2435
vn -0.9711 -0.0296 -0.2368
vn -0.8361 0.0702 -0.5440
vn -0.8021 0.2499 -0.5424
vn -0.6825 0.2170 -0.6980
vn 0.1162 -0.1629 -0.9798
vn -0.2636 0.0524 -0.9632
vn 0.8454 -0.0823 -0.5277
vn 0.9010 -0.3553 -0.2490
vn 0.8998 0.1544 -0.4081
vn 0.8653 0.0870 -0.4937
vn -0.2362 -0.0753 -0.9688
vn -0.4350 0.0688 -0.8978
vn 0.9063 0.4056 0.1188
vn 0.7966 0.5226 0.3038
vn 0.8021 0.2499 -0.5424
vn 0.8106 0.1446 0.5675
vn 0.8361 0.0702 -0.5440
vn 0.9711 -0.0296 -0.2368
vn 0.9653 -0.0941 -0.2435
vn -0.8454 -0.0823 -0.5277
vn 0.2636 0.0524 -0.9632
vn -0.1162 -0.1629 -0.9798
vn 0.6825 0.2170 -0.6980
vn -0.8653 0.0870 -0.4937
vn -0.8998 0.1544 -0.4081
vn -0.9010 -0.3553 -0.2490
vn 0.4350 0.0688 -0.8978
vn 0.2362 -0.0753 -0.9688
vn -0.0808 -0.2560 0.9633
vn 0.1168 0.4747 0.8723
vn 0.3877 0.6735 0.6294
vn 0.4288 0.3943 0.8128
vn 0.1284 -0.2671 0.9551
vn -0.1638 -0.5484 0.8200
vn -0.2014 0.1015 0.9742
vn -0.1678 0.1467 0.9748
vn -0.1658 0.2837 0.9444
vn -0.0825 0.3945 0.9152
vn -0.0860 0.2719 0.9585
vn -0.4288 0.3943 0.8128
vn 0.4470 -0.2512 0.8586
vn 0.6003 -0.0275 0.7993
vn 0.5938 -0.2757 0.7559
vn -0.0358 0.0307 0.9989
vn -0.5938 -0.2757 0.7559
vn 0.9343 0.2593 -0.2447
vn 0.9786 0.1546 -0.1354
vn 0.9713 -0.1822 -0.1529
vn 0.9707 -0.1488 -0.1884
vn 0.9679 0.1326 -0.2137
vn 0.8143 0.0310 0.5795
vn 0.8014 -0.3408 0.4915
vn 0.8323 -0.3111 0.4589
vn 0.8506 0.1117 0.5138
vn 0.8629 0.1232 0.4901
vn 0.8722 0.0913 0.4805
vn 0.8841 0.0984 0.4569
vn 0.8785 -0.0813 0.4708
vn 0.8560 0.0172 0.5166
vn -0.0945 -0.0488 0.9943
vn -0.9529 0.1223 0.2777
usemtl mat_137
s off
f 515/1/1 514/2/1 16/3/1
f 514/2/2 15/4/2 16/3/2
f 16/3/3 15/4/3 9/5/3
f 15/4/4 11/6/4 9/5/4
f 9/5/5 11/6/5 10/7/5
f 11/6/6 12/8/6 10/7/6
f 10/7/7 12/8/7 13/9/7
f 12/8/8 1/10/8 13/9/8
f 13/9/9 1/10/9 2/11/9
f 1/10/9 3/12/9 2/11/9
f 2/11/10 3/12/10 5/13/10
f 3/12/11 4/14/11 5/13/11
f 5/13/12 4/14/12 20/15/12
f 4/14/13 21/16/13 20/15/13
f 20/15/14 21/16/14 26/17/14
f 21/16/15 516/18/15 26/17/15
f 61/19/16 60/20/16 59/21/16
f 60/20/17 58/22/17 59/21/17
f 59/21/18 58/22/18 57/23/18
f 66/24/19 65/25/19 64/26/19
f 65/25/20 63/27/20 64/26/20
f 64/26/21 63/27/21 62/28/21
f 74/29/22 75/30/22 76/31/22
f 76/31/23 75/30/23 77/32/23
f 75/30/24 80/33/24 77/32/24
f 77/32/25 80/33/25 79/34/25
f 80/33/26 81/35/26 79/34/26
f 79/34/27 81/35/27 517/36/27
f 81/35/28 82/37/28 517/36/28
f 517/36/29 82/37/29 518/38/29
f 82/37/30 68/39/30 518/38/30
f 518/38/31 68/39/31 519/40/31
f 68/39/32 70/41/32 519/40/32
f 519/40/33 70/41/33 520/42/33
f 119/43/34 120/44/34 118/45/34
f 120/44/35 121/46/35 118/45/35
f 118/45/36 121/46/36 127/47/36
f 121/46/37 128/48/37 127/47/37
f 127/47/38 128/48/38 110/49/38
f 128/48/39 129/50/39 110/49/39
f 110/49/40 129/50/40 101/51/40
f 129/50/41 130/52/41 101/51/41
f 101/51/42 130/52/42 84/53/42
f 130/52/43 86/54/43 84/53/43
f 84/53/44 86/54/44 85/55/44
f 86/54/45 87/56/45 85/55/45
f 85/55/46 87/56/46 89/57/46
f 87/56/47 88/58/47 89/57/47
f 89/57/48 88/58/48 103/59/48
f 88/58/49 102/60/49 103/59/49
f 128/48/50 121/46/50 131/61/50
f 121/46/51 122/62/51 131/61/51
f 131/61/52 122/62/52 124/63/52
f 122/62/53 123/64/53 124/63/53
f 124/63/54 123/64/54 125/65/54
f 526/66/55 116/67/55 525/68/55
f 116/67/56 114/69/56 525/68/56
f 525/68/57 114/69/57 126/70/57
f 114/69/58 113/71/58 126/70/58
f 126/70/59 113/71/59 108/72/59
f 113/71/60 109/73/60 108/72/60
f 108/72/61 109/73/61 98/74/61
f 109/73/62 111/75/62 98/74/62
f 98/74/63 111/75/63 99/76/63
f 111/75/64 100/77/64 99/76/64
f 99/76/65 100/77/65 92/78/65
f 100/77/66 91/79/66 92/78/66
f 92/78/67 91/79/67 90/80/67
f 91/79/68 85/55/68 90/80/68
f 90/80/69 85/55/69 89/57/69
f 137/81/70 136/82/70 135/83/70
f 136/82/71 133/84/71 135/83/71
f 135/83/72 133/84/72 134/85/72
f 133/84/73 132/86/73 134/85/73
f 143/87/74 142/88/74 141/89/74
f 142/88/75 139/90/75 141/89/75
f 141/89/76 139/90/76 140/91/76
f 139/90/77 138/92/77 140/91/77
f 149/93/78 148/94/78 147/95/78
f 148/94/79 145/96/79 147/95/79
f 147/95/80 145/96/80 146/97/80
f 145/96/81 144/98/81 146/97/81
f 530/99/82 529/100/82 153/101/82
f 529/100/83 151/102/83 153/101/83
f 153/101/84 151/102/84 152/103/84
f 151/102/85 150/104/85 152/103/85
f 532/105/86 157/106/86 531/107/86
f 531/107/87 157/106/87 156/108/87
f 157/106/88 155/109/88 156/108/88
f 156/108/89 155/109/89 154/110/89
f 163/111/90 161/112/90 162/113/90
f 162/113/91 161/112/91 160/114/91
f 161/112/92 159/115/92 160/114/92
f 160/114/93 159/115/93 158/116/93
f 167/117/94 166/118/94 165/119/94
f 166/118/95 164/120/95 165/119/95
f 165/119/96 164/120/96 534/121/96
f 164/120/97 533/122/97 534/121/97
f 173/123/98 172/124/98 171/125/98
f 172/124/99 169/126/99 171/125/99
f 171/125/100 169/126/100 170/127/100
f 169/126/101 168/128/101 170/127/101
f 179/129/102 177/130/102 178/131/102
f 178/131/103 177/130/103 176/132/103
f 177/130/104 175/133/104 176/132/104
f 176/132/105 175/133/105 174/134/105
f 536/135/106 183/136/106 535/137/106
f 535/137/107 183/136/107 182/138/107
f 183/136/108 181/139/108 182/138/108
f 182/138/109 181/139/109 180/140/109
f 538/141/110 187/142/110 537/143/110
f 537/143/111 187/142/111 186/144/111
f 187/142/112 185/145/112 186/144/112
f 186/144/113 185/145/113 184/146/113
f 191/147/114 189/148/114 190/149/114
f 190/149/115 189/148/115 188/150/115
f 189/148/116 540/151/116 188/150/116
f 188/150/117 540/151/117 539/152/117
f 193/153/118 192/154/118 541/155/118
f 192/154/119 542/156/119 541/155/119
f 541/155/120 542/156/120 543/157/120
f 542/156/121 544/158/121 543/157/121
f 543/157/122 544/158/122 545/159/122
f 544/158/123 546/160/123 545/159/123
f 547/161/124 548/162/124 549/163/124
f 548/162/125 550/164/125 549/163/125
f 549/163/126 550/164/126 551/165/126
f 550/164/127 542/156/127 551/165/127
f 551/165/128 542/156/128 192/154/128
f 193/153/129 541/155/129 194/166/129
f 541/155/130 552/167/130 194/166/130
f 194/166/131 552/167/131 195/168/131
f 552/167/132 553/169/132 195/168/132
f 199/170/133 198/171/133 556/172/133
f 198/171/134 197/173/134 556/172/134
f 556/172/135 197/173/135 555/174/135
f 197/173/136 196/175/136 555/174/136
f 555/174/137 196/175/137 554/176/137
f 204/177/138 559/178/138 203/179/138
f 559/178/139 558/180/139 203/179/139
f 203/179/140 558/180/140 557/181/140
f 558/180/141 551/165/141 557/181/141
f 557/181/142 551/165/142 556/172/142
f 551/165/143 192/154/143 556/172/143
f 556/172/144 192/154/144 200/182/144
f 192/154/145 202/183/145 200/182/145
f 200/182/146 202/183/146 201/184/146
f 206/185/147 565/186/147 205/187/147
f 205/187/148 565/186/148 564/188/148
f 565/186/149 563/189/149 564/188/149
f 564/188/150 563/189/150 561/190/150
f 563/189/151 562/191/151 561/190/151
f 561/190/152 562/191/152 560/192/152
f 205/187/153 564/188/153 570/193/153
f 564/188/154 569/194/154 570/193/154
f 570/193/155 569/194/155 567/195/155
f 569/194/156 568/196/156 567/195/156
f 567/195/157 568/196/157 566/197/157
f 206/185/158 207/198/158 565/186/158
f 565/186/159 207/198/159 571/199/159
f 207/198/160 208/200/160 571/199/160
f 571/199/161 208/200/161 572/201/161
f 213/202/162 212/203/162 211/204/162
f 212/203/163 205/187/163 211/204/163
f 211/204/164 205/187/164 576/205/164
f 205/187/165 570/193/165 576/205/165
f 576/205/166 570/193/166 575/206/166
f 570/193/167 574/207/167 575/206/167
f 575/206/168 574/207/168 210/208/168
f 574/207/169 573/209/169 210/208/169
f 210/208/170 573/209/170 209/210/170
f 578/211/171 217/212/171 577/213/171
f 217/212/172 216/214/172 577/213/172
f 577/213/173 216/214/173 576/205/173
f 216/214/174 215/215/174 576/205/174
f 576/205/175 215/215/175 214/216/175
f 580/217/176 579/218/176 225/219/176
f 579/218/177 227/220/177 225/219/177
f 225/219/178 227/220/178 226/221/178
f 227/220/179 228/222/179 226/221/179
f 226/221/180 228/222/180 234/223/180
f 228/222/181 582/224/181 234/223/181
f 234/223/182 582/224/182 220/225/182
f 582/224/183 222/226/183 220/225/183
f 220/225/184 222/226/184 221/227/184
f 222/226/185 223/228/185 221/227/185
f 221/227/186 223/228/186 233/229/186
f 223/228/187 581/230/187 233/229/187
f 248/231/188 243/232/188 247/233/188
f 243/232/189 244/234/189 247/233/189
f 247/233/190 244/234/190 246/235/190
f 244/234/191 245/236/191 246/235/191
f 246/235/192 245/236/192 252/237/192
f 245/236/193 253/238/193 252/237/193
f 268/239/194 267/240/194 264/241/194
f 264/241/195 267/240/195 265/242/195
f 267/240/196 266/243/196 265/242/196
f 265/242/197 266/243/197 588/244/197
f 266/243/198 272/245/198 588/244/198
f 588/244/199 272/245/199 589/246/199
f 600/247/200 598/248/200 599/249/200
f 599/249/200 598/248/200 596/250/200
f 598/248/201 597/251/201 596/250/201
f 596/250/202 597/251/202 595/252/202
f 603/253/203 602/254/203 600/247/203
f 602/254/204 601/255/204 600/247/204
f 600/247/205 601/255/205 598/248/205
f 608/256/206 607/257/206 605/258/206
f 607/257/207 606/259/207 605/258/207
f 605/258/207 606/259/207 604/260/207
f 605/258/206 609/261/206 608/256/206
f 609/261/206 610/262/206 608/256/206
f 608/256/201 610/262/201 611/263/201
f 610/262/208 612/264/208 611/263/208
f 624/265/209 614/266/209 282/267/209
f 614/266/210 276/268/210 282/267/210
f 282/267/211 276/268/211 278/269/211
f 276/268/212 277/270/212 278/269/212
f 278/269/213 277/270/213 279/271/213
f 277/270/214 616/272/214 279/271/214
f 279/271/215 616/272/215 615/273/215
f 621/274/216 620/275/216 613/276/216
f 620/275/217 280/277/217 613/276/217
f 613/276/218 280/277/218 275/278/218
f 280/277/219 619/279/219 275/278/219
f 275/278/220 619/279/220 618/280/220
f 628/281/221 627/282/221 626/283/221
f 627/282/222 283/284/222 626/283/222
f 626/283/223 283/284/223 623/285/223
f 283/284/224 281/286/224 623/285/224
f 623/285/225 281/286/225 622/287/225
f 281/286/226 282/267/226 622/287/226
f 622/287/227 282/267/227 278/269/227
f 629/288/228 630/289/228 631/290/228
f 630/289/229 632/291/229 631/290/229
f 631/290/230 632/291/230 633/292/230
f 632/291/231 634/293/231 633/292/231
f 633/292/232 634/293/232 622/287/232
f 636/294/233 637/295/233 638/296/233
f 637/295/234 639/297/234 638/296/234
f 638/296/235 639/297/235 640/298/235
f 639/297/236 641/299/236 640/298/236
f 640/298/237 641/299/237 635/300/237
f 646/301/238 645/302/238 288/303/238
f 645/302/239 644/304/239 288/303/239
f 288/303/240 644/304/240 287/305/240
f 644/304/241 643/306/241 287/305/241
f 287/305/242 643/306/242 642/307/242
f 651/308/243 288/303/243 650/309/243
f 288/303/244 287/305/244 650/309/244
f 650/309/245 287/305/245 649/310/245
f 287/305/246 286/311/246 649/310/246
f 649/310/247 286/311/247 648/312/247
f 286/311/248 285/313/248 648/312/248
f 648/312/249 285/313/249 647/314/249
f 654/315/250 655/316/250 289/317/250
f 655/316/251 291/318/251 289/317/251
f 289/317/252 291/318/252 290/319/252
f 291/318/253 292/320/253 290/319/253
f 290/319/254 292/320/254 296/321/254
f 292/320/255 652/322/255 296/321/255
f 296/321/256 652/322/256 663/323/256
f 657/324/257 658/325/257 293/326/257
f 658/325/258 294/327/258 293/326/258
f 293/326/259 294/327/259 653/328/259
f 294/327/260 659/329/260 653/328/260
f 653/328/261 659/329/261 660/330/261
f 290/319/262 296/321/262 662/331/262
f 296/321/263 295/332/263 662/331/263
f 662/331/264 295/332/264 661/333/264
f 295/332/265 297/334/265 661/333/265
f 661/333/266 297/334/266 665/335/266
f 297/334/267 666/336/267 665/335/267
f 665/335/268 666/336/268 667/337/268
f 662/331/269 673/338/269 672/339/269
f 673/338/270 671/340/270 672/339/270
f 672/339/271 671/340/271 669/341/271
f 671/340/272 670/342/272 669/341/272
f 669/341/273 670/342/273 668/343/273
f 679/344/274 678/345/274 300/346/274
f 678/345/275 677/347/275 300/346/275
f 300/346/276 677/347/276 299/348/276
f 677/347/277 676/349/277 299/348/277
f 299/348/278 676/349/278 675/350/278
f 674/351/279 681/352/279 680/353/279
f 681/352/280 682/354/280 680/353/280
f 680/353/281 682/354/281 683/355/281
f 682/354/282 684/356/282 683/355/282
f 683/355/283 684/356/283 685/357/283
f 690/358/284 302/359/284 689/360/284
f 302/359/285 301/361/285 689/360/285
f 689/360/286 301/361/286 688/362/286
f 301/361/287 300/346/287 688/362/287
f 688/362/288 300/346/288 687/363/288
f 300/346/289 299/348/289 687/363/289
f 687/363/290 299/348/290 686/364/290
f 322/365/291 323/366/291 308/367/291
f 323/366/292 309/368/292 308/367/292
f 308/367/293 309/368/293 305/369/293
f 309/368/294 303/370/294 305/369/294
f 305/369/295 303/370/295 304/371/295
f 303/370/296 691/372/296 304/371/296
f 304/371/297 691/372/297 692/373/297
f 360/374/298 361/375/298 353/376/298
f 361/375/299 354/377/299 353/376/299
f 353/376/300 354/377/300 341/378/300
f 354/377/301 339/379/301 341/378/301
f 341/378/302 339/379/302 340/380/302
f 339/379/303 338/381/303 340/380/303
f 340/380/304 338/381/304 351/382/304
f 338/381/305 336/383/305 351/382/305
f 351/382/306 336/383/306 335/384/306
f 336/383/307 314/385/307 335/384/307
f 335/384/308 314/385/308 316/386/308
f 314/385/309 315/387/309 316/386/309
f 316/386/310 315/387/310 317/388/310
f 315/387/311 329/389/311 317/388/311
f 317/388/312 329/389/312 319/390/312
f 329/389/313 330/391/313 319/390/313
f 319/390/314 330/391/314 321/392/314
f 330/391/315 331/393/315 321/392/315
f 696/394/316 350/395/316 349/396/316
f 350/395/317 346/397/317 349/396/317
f 349/396/318 346/397/318 340/380/318
f 346/397/319 342/398/319 340/380/319
f 340/380/320 342/398/320 341/378/320
f 342/398/321 343/399/321 341/378/321
f 341/378/322 343/399/322 353/376/322
f 343/399/323 352/400/323 353/376/323
f 353/376/324 352/400/324 360/374/324
f 352/400/325 359/401/325 360/374/325
f 303/370/326 358/402/326 691/372/326
f 691/372/327 358/402/327 697/403/327
f 358/402/328 367/404/328 697/403/328
f 697/403/329 367/404/329 698/405/329
f 759/406/330 460/407/330 758/408/330
f 758/408/331 460/407/331 459/409/331
f 460/407/332 754/410/332 459/409/332
f 459/409/333 754/410/333 451/411/333
f 754/410/334 450/412/334 451/411/334
f 451/411/335 450/412/335 445/413/335
f 450/412/336 448/414/336 445/413/336
f 445/413/336 448/414/336 444/415/336
f 448/414/337 449/416/337 444/415/337
f 444/415/338 449/416/338 443/417/338
f 449/416/339 442/418/339 443/417/339
f 443/417/340 442/418/340 439/419/340
f 442/418/341 438/420/341 439/419/341
f 439/419/342 438/420/342 742/421/342
f 438/420/343 743/422/343 742/421/343
f 742/421/344 743/422/344 741/423/344
f 443/417/345 439/419/345 444/415/345
f 444/415/346 439/419/346 440/424/346
f 439/419/347 744/425/347 440/424/347
f 440/424/348 744/425/348 745/426/348
f 744/425/349 746/427/349 745/426/349
f 745/426/350 746/427/350 747/428/350
f 442/418/351 449/416/351 441/429/351
f 449/416/352 750/430/352 441/429/352
f 441/429/353 750/430/353 749/431/353
f 750/430/354 748/432/354 749/431/354
f 449/416/355 448/414/355 753/433/355
f 448/414/356 755/434/356 753/433/356
f 753/433/357 755/434/357 756/435/357
f 755/434/358 757/436/358 756/435/358
f 775/437/359 485/438/359 776/439/359
f 485/438/360 486/440/360 776/439/360
f 776/439/361 486/440/361 494/441/361
f 486/440/362 495/442/362 494/441/362
f 494/441/363 495/442/363 499/443/363
f 495/442/364 498/444/364 499/443/364
f 499/443/365 498/444/365 505/445/365
f 498/444/366 504/446/366 505/445/366
f 505/445/367 504/446/367 510/447/367
f 504/446/368 503/448/368 510/447/368
f 510/447/369 503/448/369 509/449/369
f 503/448/370 502/450/370 509/449/370
f 509/449/371 502/450/371 508/451/371
f 502/450/372 501/452/372 508/451/372
f 508/451/373 501/452/373 507/453/373
f 501/452/374 500/454/374 507/453/374
f 507/453/375 500/454/375 506/455/375
f 500/454/376 781/456/376 506/455/376
f 506/455/377 781/456/377 785/457/377
f 509/449/378 508/451/378 790/458/378
f 508/451/379 507/453/379 790/458/379
f 790/458/380 507/453/380 789/459/380
f 507/453/381 506/455/381 789/459/381
f 789/459/382 506/455/382 788/460/382
f 506/455/383 785/457/383 788/460/383
f 788/460/384 785/457/384 787/461/384
f 499/443/385 505/445/385 782/462/385
f 505/445/386 511/463/386 782/462/386
f 782/462/387 511/463/387 786/464/387
f 511/463/388 793/465/388 786/464/388
f 786/464/389 793/465/389 794/466/389
f 514/2/2 513/467/2 15/4/2
f 15/4/390 513/467/390 14/468/390
f 513/467/390 512/469/390 14/468/390
f 14/468/391 512/469/391 12/8/391
f 26/17/392 25/470/392 20/15/392
f 20/15/393 25/470/393 19/471/393
f 25/470/394 24/472/394 19/471/394
f 19/471/395 24/472/395 18/473/395
f 24/472/396 23/474/396 18/473/396
f 18/473/397 23/474/397 17/475/397
f 23/474/398 22/476/398 17/475/398
f 17/475/398 22/476/398 515/1/398
f 48/477/399 32/478/399 30/479/399
f 30/479/400 32/478/400 31/480/400
f 32/478/401 33/481/401 31/480/401
f 31/480/402 33/481/402 387/482/402
f 33/481/403 386/483/403 387/482/403
f 387/482/404 386/483/404 385/484/404
f 386/483/405 379/485/405 385/484/405
f 385/484/406 379/485/406 382/486/406
f 379/485/407 381/487/407 382/486/407
f 382/486/408 381/487/408 380/488/408
f 381/487/409 368/489/409 380/488/409
f 380/488/410 368/489/410 369/490/410
f 368/489/411 370/491/411 369/490/411
f 369/490/412 370/491/412 371/492/412
f 370/491/413 703/493/413 371/492/413
f 371/492/414 703/493/414 704/494/414
f 54/495/415 53/496/415 52/497/415
f 53/496/416 51/498/416 52/497/416
f 52/497/417 51/498/417 46/499/417
f 51/498/418 47/500/418 46/499/418
f 46/499/419 47/500/419 38/501/419
f 47/500/420 39/502/420 38/501/420
f 38/501/421 39/502/421 27/503/421
f 39/502/422 40/504/422 27/503/422
f 27/503/423 40/504/423 29/505/423
f 40/504/424 41/506/424 29/505/424
f 29/505/425 41/506/425 42/507/425
f 702/508/426 375/509/426 701/510/426
f 701/510/427 375/509/427 377/511/427
f 375/509/428 376/512/428 377/511/428
f 377/511/429 376/512/429 378/513/429
f 376/512/430 379/485/430 378/513/430
f 378/513/431 379/485/431 42/507/431
f 379/485/432 386/483/432 42/507/432
f 42/507/433 386/483/433 35/514/433
f 386/483/434 33/481/434 35/514/434
f 35/514/435 33/481/435 34/515/435
f 33/481/436 32/478/436 34/515/436
f 34/515/437 32/478/437 49/516/437
f 32/478/438 48/477/438 49/516/438
f 49/516/439 48/477/439 50/517/439
f 29/505/440 42/507/440 43/518/440
f 42/507/441 35/514/441 43/518/441
f 43/518/442 35/514/442 28/519/442
f 35/514/443 36/520/443 28/519/443
f 28/519/444 36/520/444 37/521/444
f 36/520/445 44/522/445 37/521/445
f 37/521/446 44/522/446 45/523/446
f 44/522/447 56/524/447 45/523/447
f 45/523/448 56/524/448 52/497/448
f 56/524/449 55/525/449 52/497/449
f 52/497/450 55/525/450 54/495/450
f 34/515/451 49/516/451 44/522/451
f 49/516/452 50/517/452 44/522/452
f 44/522/453 50/517/453 56/524/453
f 50/517/454 55/525/454 56/524/454
f 80/33/455 83/526/455 81/35/455
f 81/35/456 83/526/456 82/37/456
f 83/526/457 67/527/457 82/37/457
f 82/37/458 67/527/458 68/39/458
f 67/527/459 69/528/459 68/39/459
f 68/39/460 69/528/460 70/41/460
f 80/33/461 75/30/461 83/526/461
f 75/30/462 72/529/462 83/526/462
f 83/526/463 72/529/463 67/527/463
f 72/529/464 71/530/464 67/527/464
f 67/527/465 71/530/465 69/528/465
f 75/30/466 74/29/466 72/529/466
f 74/29/467 73/531/467 72/529/467
f 72/529/468 73/531/468 71/530/468
f 76/31/469 77/32/469 78/532/469
f 77/32/470 79/34/470 78/532/470
f 523/533/471 97/534/471 522/535/471
f 522/535/472 97/534/472 96/536/472
f 97/534/473 95/537/473 96/536/473
f 96/536/474 95/537/474 94/538/474
f 95/537/475 92/78/475 94/538/475
f 94/538/476 92/78/476 93/539/476
f 92/78/477 90/80/477 93/539/477
f 93/539/478 90/80/478 104/540/478
f 90/80/479 89/57/479 104/540/479
f 104/540/480 89/57/480 103/59/480
f 107/541/481 94/538/481 106/542/481
f 106/542/482 94/538/482 105/543/482
f 94/538/483 93/539/483 105/543/483
f 105/543/484 93/539/484 104/540/484
f 94/538/485 107/541/485 96/536/485
f 107/541/486 521/544/486 96/536/486
f 96/536/487 521/544/487 522/535/487
f 95/537/488 97/534/488 98/74/488
f 97/534/489 523/533/489 98/74/489
f 98/74/490 523/533/490 524/545/490
f 98/74/491 524/545/491 108/72/491
f 116/67/492 117/546/492 115/547/492
f 117/546/493 118/45/493 115/547/493
f 115/547/494 118/45/494 112/548/494
f 118/45/495 127/47/495 112/548/495
f 112/548/496 127/47/496 110/49/496
f 118/45/497 117/546/497 119/43/497
f 123/64/498 122/62/498 120/44/498
f 122/62/499 121/46/499 120/44/499
f 86/54/500 130/52/500 528/549/500
f 130/52/501 131/61/501 528/549/501
f 528/549/502 131/61/502 527/550/502
f 131/61/503 124/63/503 527/550/503
f 201/184/504 199/170/504 200/182/504
f 199/170/505 556/172/505 200/182/505
f 213/202/506 211/204/506 214/216/506
f 211/204/507 576/205/507 214/216/507
f 228/222/508 227/220/508 229/551/508
f 227/220/509 579/218/509 229/551/509
f 233/229/510 232/552/510 221/227/510
f 221/227/511 232/552/511 219/553/511
f 232/552/512 231/554/512 219/553/512
f 219/553/513 231/554/513 224/555/513
f 231/554/514 230/556/514 224/555/514
f 224/555/515 230/556/515 580/217/515
f 245/236/516 244/234/516 240/557/516
f 244/234/517 239/558/517 240/557/517
f 240/557/518 239/558/518 238/559/518
f 239/558/519 236/560/519 238/559/519
f 238/559/520 236/560/520 237/561/520
f 236/560/521 235/562/521 237/561/521
f 237/561/522 235/562/522 256/563/522
f 235/562/523 257/564/523 256/563/523
f 256/563/524 257/564/524 585/565/524
f 244/234/525 243/232/525 239/558/525
f 243/232/526 242/566/526 239/558/526
f 239/558/527 242/566/527 236/560/527
f 242/566/528 241/567/528 236/560/528
f 236/560/529 241/567/529 235/562/529
f 251/568/530 250/569/530 246/235/530
f 250/569/531 249/570/531 246/235/531
f 246/235/532 249/570/532 247/233/532
f 249/570/533 248/231/533 247/233/533
f 251/568/534 246/235/534 252/237/534
f 584/571/535 583/572/535 256/563/535
f 583/572/536 255/573/536 256/563/536
f 256/563/537 255/573/537 237/561/537
f 255/573/538 254/574/538 237/561/538
f 237/561/539 254/574/539 238/559/539
f 584/571/540 256/563/540 585/565/540
f 594/575/541 274/576/541 273/577/541
f 274/576/542 258/578/542 273/577/542
f 273/577/543 258/578/543 259/579/543
f 258/578/544 260/580/544 259/579/544
f 259/579/545 260/580/545 586/581/545
f 260/580/546 261/582/546 586/581/546
f 586/581/547 261/582/547 587/583/547
f 261/582/548 265/242/548 587/583/548
f 587/583/549 265/242/549 588/244/549
f 258/578/550 262/584/550 260/580/550
f 262/584/551 263/585/551 260/580/551
f 260/580/552 263/585/552 261/582/552
f 263/585/553 264/241/553 261/582/553
f 261/582/554 264/241/554 265/242/554
f 271/586/555 266/243/555 270/587/555
f 270/587/556 266/243/556 269/588/556
f 266/243/557 267/240/557 269/588/557
f 269/588/558 267/240/558 268/239/558
f 266/243/559 271/586/559 272/245/559
f 586/581/560 590/589/560 259/579/560
f 590/589/561 591/590/561 259/579/561
f 259/579/562 591/590/562 273/577/562
f 591/590/563 592/591/563 273/577/563
f 273/577/564 592/591/564 593/592/564
f 273/577/565 593/592/565 594/575/565
f 277/270/566 276/268/566 275/278/566
f 276/268/567 614/266/567 275/278/567
f 275/278/568 614/266/568 613/276/568
f 275/278/569 618/280/569 277/270/569
f 618/280/570 617/593/570 277/270/570
f 277/270/571 617/593/571 616/272/571
f 283/284/572 625/594/572 281/286/572
f 625/594/573 624/265/573 281/286/573
f 281/286/574 624/265/574 282/267/574
f 633/292/575 622/287/575 635/300/575
f 622/287/576 284/595/576 635/300/576
f 635/300/577 284/595/577 642/307/577
f 284/595/578 285/313/578 642/307/578
f 642/307/579 285/313/579 286/311/579
f 284/595/580 622/287/580 278/269/580
f 640/298/581 635/300/581 642/307/581
f 653/328/582 652/322/582 293/326/582
f 652/322/583 292/320/583 293/326/583
f 293/326/584 292/320/584 291/318/584
f 655/316/585 656/596/585 291/318/585
f 656/596/586 657/324/586 291/318/586
f 291/318/587 657/324/587 293/326/587
f 296/321/588 663/323/588 295/332/588
f 663/323/589 664/597/589 295/332/589
f 295/332/590 664/597/590 297/334/590
f 301/361/591 302/359/591 679/344/591
f 302/359/592 298/598/592 679/344/592
f 679/344/593 298/598/593 674/351/593
f 298/598/594 662/331/594 674/351/594
f 674/351/595 662/331/595 672/339/595
f 662/331/596 298/598/596 290/319/596
f 679/344/597 674/351/597 680/353/597
f 692/373/598 307/599/598 304/371/598
f 307/599/599 306/600/599 304/371/599
f 304/371/600 306/600/600 305/369/600
f 696/394/601 347/601/601 695/602/601
f 695/602/602 347/601/602 694/603/602
f 347/601/603 334/604/603 694/603/603
f 694/603/604 334/604/604 333/605/604
f 334/604/605 318/606/605 333/605/605
f 333/605/606 318/606/606 320/607/606
f 318/606/607 319/390/607 320/607/607
f 320/607/608 319/390/608 321/392/608
f 323/366/609 324/608/609 309/368/609
f 324/608/610 325/609/610 309/368/610
f 309/368/611 325/609/611 311/610/611
f 325/609/612 326/611/612 311/610/612
f 311/610/613 326/611/613 312/612/613
f 326/611/614 327/613/614 312/612/614
f 312/612/615 327/613/615 328/614/615
f 339/379/616 337/615/616 338/381/616
f 338/381/617 337/615/617 336/383/617
f 337/615/618 313/616/618 336/383/618
f 336/383/619 313/616/619 314/385/619
f 313/616/620 312/612/620 314/385/620
f 314/385/621 312/612/621 315/387/621
f 312/612/622 328/614/622 315/387/622
f 315/387/623 328/614/623 329/389/623
f 320/607/624 332/617/624 333/605/624
f 332/617/625 693/618/625 333/605/625
f 333/605/626 693/618/626 694/603/626
f 346/397/627 345/619/627 342/398/627
f 345/619/628 344/620/628 342/398/628
f 342/398/629 344/620/629 343/399/629
f 354/377/630 361/375/630 355/621/630
f 361/375/631 362/622/631 355/621/631
f 355/621/632 362/622/632 356/623/632
f 362/622/633 363/624/633 356/623/633
f 356/623/634 363/624/634 364/625/634
f 364/625/635 365/626/635 357/627/635
f 365/626/636 358/402/636 357/627/636
f 357/627/637 358/402/637 310/628/637
f 358/402/638 303/370/638 310/628/638
f 310/628/639 303/370/639 309/368/639
f 367/404/640 358/402/640 366/629/640
f 358/402/641 365/626/641 366/629/641
f 705/630/642 374/631/642 372/632/642
f 374/631/643 699/633/643 372/632/643
f 372/632/644 699/633/644 373/634/644
f 699/633/645 706/635/645 373/634/645
f 373/634/646 706/635/646 380/488/646
f 706/635/647 383/636/647 380/488/647
f 380/488/648 383/636/648 382/486/648
f 383/636/649 384/637/649 382/486/649
f 382/486/650 384/637/650 385/484/650
f 384/637/651 31/480/651 385/484/651
f 385/484/652 31/480/652 387/482/652
f 378/513/653 42/507/653 377/511/653
f 42/507/654 700/638/654 377/511/654
f 377/511/655 700/638/655 701/510/655
f 379/485/656 376/512/656 381/487/656
f 381/487/657 376/512/657 368/489/657
f 376/512/658 375/509/658 368/489/658
f 368/489/659 375/509/659 370/491/659
f 375/509/660 702/508/660 370/491/660
f 370/491/661 702/508/661 703/493/661
f 369/490/662 371/492/662 372/632/662
f 371/492/663 704/494/663 372/632/663
f 372/632/664 704/494/664 705/630/664
f 31/480/665 384/637/665 708/639/665
f 708/639/666 384/637/666 707/640/666
f 384/637/667 383/636/667 707/640/667
f 707/640/668 383/636/668 706/635/668
f 710/641/669 709/642/669 388/643/669
f 709/642/670 724/644/670 388/643/670
f 388/643/671 724/644/671 390/645/671
f 724/644/672 723/646/672 390/645/672
f 390/645/673 723/646/673 405/647/673
f 723/646/674 722/648/674 405/647/674
f 405/647/675 722/648/675 406/649/675
f 722/648/676 721/650/676 406/649/676
f 406/649/677 721/650/677 408/651/677
f 721/650/678 720/652/678 408/651/678
f 408/651/679 720/652/679 719/653/679
f 711/654/680 400/655/680 395/656/680
f 400/655/681 399/657/681 395/656/681
f 395/656/682 399/657/682 392/658/682
f 399/657/683 398/659/683 392/658/683
f 392/658/684 398/659/684 389/660/684
f 398/659/685 397/661/685 389/660/685
f 389/660/686 397/661/686 388/643/686
f 397/661/687 396/662/687 388/643/687
f 388/643/688 396/662/688 710/641/688
f 719/653/689 718/663/689 408/651/689
f 718/663/690 409/664/690 408/651/690
f 408/651/691 409/664/691 407/665/691
f 409/664/692 410/666/692 407/665/692
f 407/665/693 410/666/693 404/667/693
f 410/666/694 403/668/694 404/667/694
f 404/667/695 403/668/695 391/669/695
f 403/668/696 393/670/696 391/669/696
f 391/669/697 393/670/697 392/658/697
f 393/670/698 394/671/698 392/658/698
f 392/658/699 394/671/699 395/656/699
f 394/671/700 712/672/700 395/656/700
f 395/656/701 712/672/701 711/654/701
f 718/663/702 717/673/702 409/664/702
f 409/664/703 717/673/703 411/674/703
f 717/673/704 716/675/704 411/674/704
f 411/674/705 716/675/705 412/676/705
f 716/675/706 715/677/706 412/676/706
f 412/676/707 715/677/707 402/678/707
f 715/677/708 714/679/708 402/678/708
f 402/678/709 714/679/709 401/680/709
f 714/679/710 713/681/710 401/680/710
f 401/680/711 713/681/711 712/672/711
f 725/682/712 421/683/712 413/684/712
f 421/683/713 422/685/713 413/684/713
f 413/684/714 422/685/714 415/686/714
f 422/685/715 423/687/715 415/686/715
f 415/686/716 423/687/716 417/688/716
f 423/687/717 424/689/717 417/688/717
f 417/688/718 424/689/718 420/690/718
f 424/689/719 425/691/719 420/690/719
f 420/690/720 425/691/720 726/692/720
f 726/692/721 727/693/721 420/690/721
f 727/693/722 419/694/722 420/690/722
f 420/690/723 419/694/723 417/688/723
f 419/694/724 418/695/724 417/688/724
f 417/688/725 418/695/725 416/696/725
f 418/695/726 429/697/726 416/696/726
f 416/696/727 429/697/727 430/698/727
f 429/697/728 436/699/728 430/698/728
f 430/698/729 436/699/729 433/700/729
f 436/699/730 435/701/730 433/700/730
f 433/700/731 435/701/731 434/702/731
f 435/701/732 733/703/732 434/702/732
f 434/702/733 733/703/733 734/704/733
f 733/703/734 435/701/734 732/705/734
f 435/701/735 437/706/735 732/705/735
f 732/705/736 437/706/736 731/707/736
f 437/706/737 428/708/737 731/707/737
f 731/707/738 428/708/738 730/709/738
f 428/708/739 427/710/739 730/709/739
f 730/709/740 427/710/740 729/711/740
f 427/710/741 426/712/741 729/711/741
f 729/711/742 426/712/742 728/713/742
f 426/712/743 727/693/743 728/713/743
f 734/704/744 735/714/744 434/702/744
f 735/714/745 736/715/745 434/702/745
f 434/702/746 736/715/746 432/716/746
f 736/715/747 737/717/747 432/716/747
f 432/716/748 737/717/748 431/718/748
f 737/717/749 738/719/749 431/718/749
f 431/718/750 738/719/750 414/720/750
f 738/719/751 739/721/751 414/720/751
f 414/720/752 739/721/752 413/684/752
f 739/721/753 740/722/753 413/684/753
f 413/684/754 740/722/754 725/682/754
f 439/419/755 742/421/755 744/425/755
f 749/431/756 751/723/756 442/418/756
f 751/723/757 743/422/757 442/418/757
f 442/418/758 743/422/758 438/420/758
f 764/724/759 763/725/759 462/726/759
f 763/725/760 461/727/760 462/726/760
f 462/726/761 461/727/761 463/728/761
f 461/727/762 470/729/762 463/728/762
f 463/728/763 470/729/763 468/730/763
f 470/729/764 469/731/764 468/730/764
f 468/730/765 469/731/765 467/732/765
f 469/731/766 452/733/766 467/732/766
f 467/732/767 452/733/767 453/734/767
f 452/733/768 454/735/768 453/734/768
f 453/734/769 454/735/769 455/736/769
f 454/735/770 456/737/770 455/736/770
f 455/736/771 456/737/771 447/738/771
f 456/737/772 445/413/772 447/738/772
f 447/738/773 445/413/773 446/739/773
f 445/413/774 440/424/774 446/739/774
f 446/739/775 440/424/775 752/740/775
f 440/424/776 745/426/776 752/740/776
f 449/416/777 753/433/777 750/430/777
f 755/434/778 448/414/778 754/410/778
f 448/414/779 450/412/779 754/410/779
f 754/410/780 460/407/780 760/741/780
f 460/407/781 759/406/781 760/741/781
f 459/409/782 457/742/782 758/408/782
f 758/408/783 457/742/783 761/743/783
f 457/742/784 458/744/784 761/743/784
f 761/743/785 458/744/785 762/745/785
f 458/744/786 461/727/786 762/745/786
f 762/745/787 461/727/787 763/725/787
f 462/726/788 463/728/788 764/724/788
f 764/724/789 463/728/789 765/746/789
f 463/728/790 468/730/790 765/746/790
f 765/746/791 468/730/791 471/747/791
f 468/730/792 472/748/792 471/747/792
f 471/747/793 472/748/793 768/749/793
f 768/749/794 767/750/794 471/747/794
f 767/750/795 766/751/795 471/747/795
f 471/747/796 766/751/796 765/746/796
f 468/730/797 466/752/797 472/748/797
f 472/748/798 466/752/798 473/753/798
f 466/752/799 464/754/799 473/753/799
f 473/753/800 464/754/800 769/755/800
f 464/754/801 465/756/801 769/755/801
f 769/755/802 465/756/802 770/757/802
f 465/756/803 453/734/803 770/757/803
f 770/757/804 453/734/804 771/758/804
f 453/734/805 455/736/805 771/758/805
f 771/758/806 455/736/806 772/759/806
f 455/736/807 475/760/807 772/759/807
f 772/759/808 475/760/808 474/761/808
f 475/760/809 752/740/809 474/761/809
f 474/761/810 752/740/810 774/762/810
f 774/762/811 773/763/811 474/761/811
f 773/763/812 772/759/812 474/761/812
f 485/438/813 487/764/813 486/440/813
f 487/764/814 488/765/814 486/440/814
f 486/440/815 488/765/815 495/442/815
f 488/765/816 490/766/816 495/442/816
f 495/442/817 490/766/817 496/767/817
f 490/766/818 480/768/818 496/767/818
f 496/767/819 480/768/819 478/769/819
f 480/768/820 479/770/820 478/769/820
f 478/769/821 479/770/821 477/771/821
f 479/770/822 483/772/822 477/771/822
f 477/771/823 483/772/823 484/773/823
f 483/772/824 780/774/824 484/773/824
f 484/773/825 780/774/825 781/456/825
f 480/768/826 490/766/826 489/775/826
f 490/766/827 488/765/827 489/775/827
f 489/775/828 488/765/828 487/764/828
f 489/775/829 491/776/829 480/768/829
f 491/776/830 492/777/830 480/768/830
f 480/768/831 492/777/831 481/778/831
f 492/777/832 493/779/832 481/778/832
f 481/778/833 493/779/833 482/780/833
f 493/779/834 777/781/834 482/780/834
f 482/780/835 777/781/835 778/782/835
f 480/768/836 481/778/836 479/770/836
f 481/778/837 482/780/837 479/770/837
f 479/770/838 482/780/838 483/772/838
f 482/780/839 778/782/839 483/772/839
f 483/772/840 778/782/840 779/783/840
f 483/772/841 779/783/841 780/774/841
f 776/439/842 494/441/842 784/784/842
f 494/441/843 499/443/843 784/784/843
f 784/784/844 499/443/844 783/785/844
f 499/443/845 782/462/845 783/785/845
f 793/465/846 510/447/846 792/786/846
f 792/786/847 510/447/847 791/787/847
f 510/447/848 509/449/848 791/787/848
f 791/787/849 509/449/849 790/458/849
f 10/7/850 13/9/850 7/788/850
f 13/9/851 2/11/851 7/788/851
f 7/788/852 2/11/852 6/789/852
f 2/11/853 5/13/853 6/789/853
f 6/789/854 5/13/854 19/471/854
f 5/13/855 20/15/855 19/471/855
f 19/471/856 18/473/856 6/789/856
f 18/473/857 8/790/857 6/789/857
f 6/789/858 8/790/858 7/788/858
f 8/790/859 9/5/859 7/788/859
f 7/788/860 9/5/860 10/7/860
f 15/4/861 14/468/861 11/6/861
f 14/468/862 12/8/862 11/6/862
f 9/5/863 8/790/863 16/3/863
f 8/790/864 17/475/864 16/3/864
f 16/3/865 17/475/865 515/1/865
f 17/475/866 8/790/866 18/473/866
f 52/497/867 46/499/867 45/523/867
f 46/499/868 38/501/868 45/523/868
f 45/523/869 38/501/869 37/521/869
f 38/501/870 27/503/870 37/521/870
f 37/521/871 27/503/871 28/519/871
f 27/503/872 29/505/872 28/519/872
f 28/519/873 29/505/873 43/518/873
f 35/514/874 34/515/874 36/520/874
f 34/515/875 44/522/875 36/520/875
f 92/78/876 95/537/876 99/76/876
f 95/537/877 98/74/877 99/76/877
f 113/71/878 112/548/878 109/73/878
f 109/73/879 112/548/879 111/75/879
f 112/548/880 110/49/880 111/75/880
f 111/75/881 110/49/881 100/77/881
f 110/49/882 101/51/882 100/77/882
f 100/77/883 101/51/883 91/79/883
f 101/51/884 84/53/884 91/79/884
f 91/79/885 84/53/885 85/55/885
f 116/67/886 115/547/886 114/69/886
f 115/547/887 112/548/887 114/69/887
f 114/69/888 112/548/888 113/71/888
f 130/52/889 129/50/889 131/61/889
f 129/50/890 128/48/890 131/61/890
f 580/217/891 225/219/891 224/555/891
f 225/219/892 218/791/892 224/555/892
f 224/555/893 218/791/893 219/553/893
f 218/791/894 220/225/894 219/553/894
f 219/553/895 220/225/895 221/227/895
f 225/219/896 226/221/896 218/791/896
f 226/221/897 234/223/897 218/791/897
f 218/791/898 234/223/898 220/225/898
f 642/307/899 286/311/899 287/305/899
f 679/344/900 300/346/900 301/361/900
f 309/368/901 311/610/901 310/628/901
f 311/610/902 312/612/902 310/628/902
f 310/628/903 312/612/903 313/616/903
f 351/382/904 335/384/904 334/604/904
f 335/384/905 316/386/905 334/604/905
f 334/604/906 316/386/906 318/606/906
f 316/386/907 317/388/907 318/606/907
f 318/606/908 317/388/908 319/390/908
f 349/396/909 348/792/909 696/394/909
f 696/394/910 348/792/910 347/601/910
f 348/792/911 351/382/911 347/601/911
f 347/601/912 351/382/912 334/604/912
f 348/792/913 349/396/913 351/382/913
f 349/396/914 340/380/914 351/382/914
f 310/628/915 313/616/915 356/623/915
f 313/616/916 337/615/916 356/623/916
f 356/623/917 337/615/917 355/621/917
f 337/615/918 339/379/918 355/621/918
f 355/621/919 339/379/919 354/377/919
f 310/628/920 356/623/920 357/627/920
f 356/623/921 364/625/921 357/627/921
f 380/488/922 369/490/922 373/634/922
f 369/490/923 372/632/923 373/634/923
f 388/643/924 390/645/924 389/660/924
f 390/645/925 391/669/925 389/660/925
f 389/660/926 391/669/926 392/658/926
f 712/672/927 394/671/927 401/680/927
f 394/671/928 393/670/928 401/680/928
f 401/680/929 393/670/929 403/668/929
f 391/669/930 390/645/930 404/667/930
f 390/645/931 405/647/931 404/667/931
f 404/667/932 405/647/932 406/649/932
f 404/667/933 406/649/933 407/665/933
f 406/649/934 408/651/934 407/665/934
f 409/664/935 411/674/935 410/666/935
f 411/674/936 412/676/936 410/666/936
f 410/666/937 412/676/937 402/678/937
f 403/668/938 410/666/938 401/680/938
f 410/666/939 402/678/939 401/680/939
f 413/684/940 415/686/940 414/720/940
f 415/686/941 416/696/941 414/720/941
f 414/720/942 416/696/942 430/698/942
f 416/696/943 415/686/943 417/688/943
f 429/697/944 418/695/944 426/712/944
f 418/695/945 419/694/945 426/712/945
f 426/712/946 419/694/946 727/693/946
f 434/702/947 432/716/947 433/700/947
f 433/700/948 432/716/948 430/698/948
f 432/716/949 431/718/949 430/698/949
f 430/698/950 431/718/950 414/720/950
f 427/710/951 428/708/951 436/699/951
f 428/708/952 437/706/952 436/699/952
f 436/699/953 437/706/953 435/701/953
f 427/710/954 436/699/954 426/712/954
f 436/699/955 429/697/955 426/712/955
f 441/429/956 749/431/956 442/418/956
f 444/415/774 440/424/774 445/413/774
f 446/739/957 752/740/957 447/738/957
f 752/740/958 475/760/958 447/738/958
f 447/738/959 475/760/959 455/736/959
f 469/731/960 470/729/960 452/733/960
f 470/729/961 458/744/961 452/733/961
f 452/733/962 458/744/962 454/735/962
f 458/744/963 457/742/963 454/735/963
f 454/735/964 457/742/964 456/737/964
f 457/742/965 451/411/965 456/737/965
f 456/737/966 451/411/966 445/413/966
f 459/409/967 451/411/967 457/742/967
f 464/754/968 466/752/968 465/756/968
f 466/752/969 467/732/969 465/756/969
f 465/756/970 467/732/970 453/734/970
f 467/732/971 466/752/971 468/730/971
f 458/744/972 470/729/972 461/727/972
f 498/444/973 495/442/973 497/793/973
f 495/442/974 496/767/974 497/793/974
f 497/793/975 496/767/975 476/794/975
f 496/767/976 478/769/976 476/794/976
f 476/794/977 478/769/977 477/771/977
f 504/446/978 497/793/978 503/448/978
f 503/448/979 497/793/979 502/450/979
f 497/793/980 476/794/980 502/450/980
f 502/450/981 476/794/981 501/452/981
f 476/794/982 477/771/982 501/452/982
f 501/452/983 477/771/983 500/454/983
f 477/771/984 484/773/984 500/454/984
f 500/454/985 484/773/985 781/456/985
f 497/793/986 504/446/986 498/444/986
f 505/445/987 510/447/987 511/463/987
f 510/447/988 793/465/988 511/463/988
